query,clicks,impressions,ctr,position,range_start,range_end,search_type,country
40 consistency rule,0,1,0%,84.0,2026-07-06,2026-09-17,Web,India
consistency calculator,0,1,0%,19.0,2026-07-06,2026-09-17,Web,India
consistency rule calculator,0,1,0%,76.0,2026-07-06,2026-09-17,Web,India
drawdown limit,0,1,0%,74.0,2026-07-06,2026-09-17,Web,India
meaning of overtrading,0,3,0%,91.7,2026-07-06,2026-09-17,Web,India
over trading,0,1,0%,93.0,2026-07-06,2026-09-17,Web,India
overtrading,0,10,0%,87.9,2026-07-06,2026-09-17,Web,India
overtrading meaning,0,1,0%,89.0,2026-07-06,2026-09-17,Web,India
prop firm trading journal,0,2,0%,73.5,2026-07-06,2026-09-17,Web,India
what is overtrading,0,4,0%,95.5,2026-07-06,2026-09-17,Web,India
