query,clicks,impressions,ctr,position,range_start,range_end,search_type
overtrading,0,28,0%,81.6,2026-07-06,2026-09-17,Web
prop log,0,18,0%,11.3,2026-07-06,2026-09-17,Web
what is drawdown in prop firm,0,18,0%,74.2,2026-07-06,2026-09-17,Web
app to stop revenge trading,0,11,0%,55.2,2026-07-06,2026-09-17,Web
prop firm consistency rule,0,11,0%,69.5,2026-07-06,2026-09-17,Web
consistency rule calculator,0,10,0%,70.8,2026-07-06,2026-09-17,Web
consistency calculation,0,5,0%,76.6,2026-07-06,2026-09-17,Web
what is overtrading,0,5,0%,94.4,2026-07-06,2026-09-17,Web
prop firm trading journal,0,4,0%,56.8,2026-07-06,2026-09-17,Web
prop firm consistency rule calculator,0,4,0%,71.0,2026-07-06,2026-09-17,Web
over trading,0,4,0%,83.0,2026-07-06,2026-09-17,Web
what is consistency rule in prop firm,0,4,0%,83.0,2026-07-06,2026-09-17,Web
propbuilderai,0,4,0%,86.8,2026-07-06,2026-09-17,Web
calculate consistency,0,3,0%,19.3,2026-07-06,2026-09-17,Web
how to calculate consistency rule prop firm,0,3,0%,60.7,2026-07-06,2026-09-17,Web
consistency rule prop firm,0,3,0%,67.7,2026-07-06,2026-09-17,Web
prop firm consistency calculator,0,3,0%,69.0,2026-07-06,2026-09-17,Web
what is drawdown in trading prop firm,0,3,0%,83.3,2026-07-06,2026-09-17,Web
overtrading meaning,0,3,0%,84.0,2026-07-06,2026-09-17,Web
meaning of overtrading,0,3,0%,91.7,2026-07-06,2026-09-17,Web
consistency rule calculator prop firm,0,2,0%,68.5,2026-07-06,2026-09-17,Web
consistency calculator prop firm,0,2,0%,70.5,2026-07-06,2026-09-17,Web
overtrading means,0,2,0%,79.5,2026-07-06,2026-09-17,Web
consistency rule prop firm calculator,0,2,0%,80.0,2026-07-06,2026-09-17,Web
overtrading definition,0,2,0%,88.5,2026-07-06,2026-09-17,Web
what is daily drawdown in prop firm,0,2,0%,98.0,2026-07-06,2026-09-17,Web
proplog,0,1,0%,8.0,2026-07-06,2026-09-17,Web
how to calculate 40 consistency rule,0,1,0%,17.0,2026-07-06,2026-09-17,Web
consistency calculator,0,1,0%,19.0,2026-07-06,2026-09-17,Web
how to calculate consistency score,0,1,0%,20.0,2026-07-06,2026-09-17,Web
40 percent consistency rule calculator,0,1,0%,33.0,2026-07-06,2026-09-17,Web
profit and loss calendar,0,1,0%,34.0,2026-07-06,2026-09-17,Web
how to avoid overtrading a prop firm challenge,0,1,0%,40.0,2026-07-06,2026-09-17,Web
start challenge forex trading,0,1,0%,48.0,2026-07-06,2026-09-17,Web
over-trading,0,1,0%,60.0,2026-07-06,2026-09-17,Web
prop firm drawdown calculator,0,1,0%,69.0,2026-07-06,2026-09-17,Web
trading consistency calculator,0,1,0%,72.0,2026-07-06,2026-09-17,Web
what does consistency rule mean in prop firms,0,1,0%,72.0,2026-07-06,2026-09-17,Web
calculate consistency rule,0,1,0%,73.0,2026-07-06,2026-09-17,Web
myfundedfutures consistency calculator,0,1,0%,73.0,2026-07-06,2026-09-17,Web
drawdown limit,0,1,0%,74.0,2026-07-06,2026-09-17,Web
prop firm consistency rule explained,0,1,0%,74.0,2026-07-06,2026-09-17,Web
30 consistency rule calculator,0,1,0%,76.0,2026-07-06,2026-09-17,Web
drawdown lock,0,1,0%,77.0,2026-07-06,2026-09-17,Web
how does consistency rule work in prop firms,0,1,0%,79.0,2026-07-06,2026-09-17,Web
mffu consistency rule calculator,0,1,0%,80.0,2026-07-06,2026-09-17,Web
alpha futures consistency calculator,0,1,0%,81.0,2026-07-06,2026-09-17,Web
define overtrading,0,1,0%,81.0,2026-07-06,2026-09-17,Web
what is daily drawdown,0,1,0%,81.0,2026-07-06,2026-09-17,Web
overtraded,0,1,0%,82.0,2026-07-06,2026-09-17,Web
40 consistency rule,0,1,0%,84.0,2026-07-06,2026-09-17,Web
what is overtrading in stock market,0,1,0%,84.0,2026-07-06,2026-09-17,Web
futures prop firm consistency rules,0,1,0%,87.0,2026-07-06,2026-09-17,Web
what does overtrading mean,0,1,0%,88.0,2026-07-06,2026-09-17,Web
what is 20 consistency rule in prop firm,0,1,0%,91.0,2026-07-06,2026-09-17,Web
what is over trading,0,1,0%,92.0,2026-07-06,2026-09-17,Web
what is prop firm consistency rule,0,1,0%,95.0,2026-07-06,2026-09-17,Web
drawdown in accounting,0,1,0%,99.0,2026-07-06,2026-09-17,Web
