"repository","status","path","sha256"
"blog","??","public/images/cover-prop-firm-payout-rules.webp","080b6e3d469b3cf6a20f04dc91502c801f7021d7d58db542120a6ecdc50d70ab"
"blog","??","public/images/cover-prop-firm-rules-guide.webp","3e87b6450987de5a4353f8cbb2c49fb0615795c8e6f6400dc53656529f458349"
"blog","M","public/images/cover-prop-firm-trading-journal.webp","2929c606c422dc6462aade2fa6cd3c5bbe0410ee721c06ae85703f7a8f939a5a"
"blog","M","public/images/cover-revenge-trading-prop-firm.webp","d7555aed6f0220f4b703e5a73c6d1cc2ef7984e3dc33c68da91dfa4781916875"
"blog","??","public/images/cover-trading-discipline-checklist.webp","9ad49a7ac179925098f9d5798c38f4b5854e18a9252afaa3c4bfa6677804d172"
"blog","??","public/images/cover-trading-expectancy-calculator.webp","bb73b64ea6bbb661ad3e84d17f0782e715e32d571a4da890c436c9e031096848"
"blog","D","public/images/cover-trading-journal-benefits.webp","DELETED"
"blog","??","public/images/cover-trading-performance-metrics.webp","1ec17fb68c80e3bb0794d17f9c0570b0e5155185ddfd8bed870aee6d8e40a616"
"blog","??","public/images/prop-firm-payout-full-checklist.webp","ca9cae2bddca6b29280451f6aa00629071d00838ac852f4f2063568fdaf1d662"
"blog","??","public/images/prop-firm-payout-step-1-account.webp","90ea4e2692a9fac04c08faac87f4ef78213e8c933ddf7f11b9158e3d104fd8db"
"blog","??","public/images/prop-firm-payout-step-2-stages.webp","a5cd3c375945802a1c9d5543f5ba8623d173a6e375e8eb8892d6cef60434c621"
"blog","??","public/images/prop-firm-payout-step-3-calculation.webp","500b6982879cd9ee875199fbe022aa2732c2ff003e98d14a3bbc31e2d224a65c"
"blog","??","public/images/prop-firm-rules-full-rule-sheet.webp","2d8647c42c3d67874c97984ee3f5f143536df34033626796c71acbae4be2c45d"
"blog","??","public/images/prop-firm-rules-step-1-identity.webp","b0181fe7e83a7d886ae91c5ca8a46fa72f3dd8f911f30f6d9b50a9d01b88907b"
"blog","??","public/images/prop-firm-rules-step-2-loss-limits.webp","f0d34b0b4a6932b48bc70cc8d0ee49b4ccba4bb41d14c861676ca0593bbf9ae4"
"blog","??","public/images/prop-firm-rules-step-3-consequences.webp","eede5bfaa71f360128a62e0df0fa1f3c8918db6d659bd1c86075044b0df24fa1"
"blog","??","public/images/revenge-trading-full-check.webp","7d727868017266834286a60d8280b7a61fa265105d33367e5c6f6caf2203f026"
"blog","??","public/images/revenge-trading-step-1-plan.webp","b60ce4f704ded4c158318d1085bdf6ad2edac700dd58d2ad54760f7bda38c7c2"
"blog","??","public/images/revenge-trading-step-2-urge.webp","a2dfa6cbf92f7680cd518b1bccb652c0e9f864ac05c63032bea93fc7943b67c9"
"blog","??","public/images/revenge-trading-step-3-check.webp","9d8024c1a64e6a0bd0d9f723f154d7169e459efed662788bd3b7763c335fe93a"
"blog","??","public/images/trading-discipline-checklist-full-outcome-guide.webp","1c41cd86b19c9c6a1cd824b94038213b15219e2936e6885b2e951aea65602fc6"
"blog","??","public/images/trading-discipline-checklist-step-1-session.webp","bd1af9ab5b541be30aae69a0cb0a98c3a6141beb5901e12f95dc5af3a2e02a6e"
"blog","??","public/images/trading-discipline-checklist-step-2-wait.webp","ef4044cc8a2bc7959ca462df4ce57b9845708a9e3f3ab04e9de59b20a7dff1d3"
"blog","??","public/images/trading-discipline-checklist-step-3-after-loss.webp","0f8304493219263b9f453c34b00ab3e6d40b9fe1591afb6902a87511b6c8d3a0"
"blog","??","public/images/trading-expectancy-formula-note.webp","d0639510b4fa81da8cf62129ae62c4ac2d11a77814e0bfe7d275ad7e8f0795a9"
"blog","??","public/images/trading-journal-full-workflow.webp","96309c82b17f704e639112239982da11a48ee7a55065155e0147e649aa40c5b4"
"blog","??","public/images/trading-journal-step-1-plan.webp","af317298908109dcc26045ee147b622a881d4adc1f65eeb5b88fd356bfa52a7a"
"blog","??","public/images/trading-journal-step-2-result.webp","3d478f891dbf40e2b50cc9ccfa082f7576a41024db8711602022313e08606543"
"blog","??","public/images/trading-journal-step-3-weekly-review.webp","bdcc21ad54b59ed8e8f6c5ae7e8bea201f0566c5ed99d64c681a1ceee0bfd669"
"blog","??","public/images/trading-performance-final-check.webp","5ebeeea045106d69155e6ab4a5988235a116d069e9868b54d47d2b1886223c92"
"blog","??","public/images/trading-performance-step-1-sample.webp","c72c1ab1b58f64a35e52137f3aa335a1b398e4dd0e327e71a5bebf2c3667dd09"
"blog","??","public/images/trading-performance-step-2-win-size.webp","2b1913ea98757fbb663ae2ccd38f512722cc1b67f3cfb177dc042caa37dce50e"
"blog","??","public/images/trading-performance-step-3-metrics.webp","ce72583b39dc032b8574898c6485b31260da70e07e92596e98278f997735af05"
"blog","M","scripts/validate-content.mjs","3ba7c39671db2321653735a52e3f9469a939a88ba2e988d1217adfe1f0e7991e"
"blog","??","src/components/TradingExpectancyCalculator.astro","cdb3a4f4e5e5f1681379c624e568ce508e0998dc2722423dd4a3a1f5991929e1"
"blog","M","src/content/blog/monthly-trading-review-template.md","8fb7f948e04bea4801023a89b7b257c1f1688185da482501f704e1d3a76a8f19"
"blog","M","src/content/blog/prop-firm-challenge-readiness.md","7c9088a84f359ebcc2d322f5e09e609c1f2f974c240366973156d20519b91908"
"blog","M","src/content/blog/prop-firm-consistency-calculator.mdx","f1f93c3e343e02bce434e9471575b0965e23344d3622686c5e39f62b4eda7311"
"blog","M","src/content/blog/prop-firm-expense-tracking-guide.mdx","f545229db374056f207e8d79da026295e003d06cea17b02fe6e5935492b6fafd"
"blog","??","src/content/blog/prop-firm-payout-rules.mdx","69e8362e4e2bffc28774ad0073f9b4782cb2964420b4d584ae54bcf43d0618d1"
"blog","M","src/content/blog/prop-firm-pnl-calendar.md","2fd6b77573b5cbf24dba94c1f52747d9aff97f33a5139753675b431d0e4507cf"
"blog","M","src/content/blog/prop-firm-risk-management.md","142347542ea7d30a451d8259db970893aae13726cad6cd124a09b7756ba87e10"
"blog","M","src/content/blog/prop-firm-roi-calculator.md","80309544586be61e72e71bedd1732fc1dcbee5299c2804ff0ed3821d7491d2fc"
"blog","??","src/content/blog/prop-firm-rules-guide.mdx","6d4185ccbe263c31f08296cb1d68e02eebf417aebf8237dfe87d20b14a3a6f40"
"blog","D","src/content/blog/prop-firm-trading-journal.md","DELETED"
"blog","??","src/content/blog/prop-firm-trading-journal.mdx","428fccb2871099e70f22e0d9e178deaced342351fc8373c9a993ad6a297c659c"
"blog","M","src/content/blog/prop-firm-trading-rulebook.md","4dc23164206594775f4d550c195fbcf157e79e8522c3649cd95a62f9cd7d74da"
"blog","D","src/content/blog/revenge-trading-prop-firm.md","DELETED"
"blog","??","src/content/blog/revenge-trading-prop-firm.mdx","7e94fe32db434888c55d84d9de12a369ce73cb04ce6ab1d846fe444e61086d34"
"blog","??","src/content/blog/trading-discipline-checklist.mdx","cbf65491de02509a688ef715dc456b6525775a60fcdf5c2eed45dd0a5b10b855"
"blog","??","src/content/blog/trading-expectancy-calculator.mdx","b26c0ac17e78d8463a17e83d47b491d4cea5408f61edde51327bf76e46c65178"
"blog","D","src/content/blog/trading-journal-benefits.md","DELETED"
"blog","??","src/content/blog/trading-performance-metrics.mdx","df98298f76a34a280772c89ff0de9fa017a5aa469ef4cab6ffed520df3cb8fa2"
"blog","M","src/content/blog/weekly-trading-review-template.md","57d5608cb8918ef509f82d7de5cb93deabadf73fae3e587fa8033b4b254af878"
"blog","M","src/styles/global.css","51da383856475e94b03187ea8a97dabce7c97167bf3d25171ac0c9a0a85ee1cc"
"blog","M","vercel.json","237a21aac044e36b47a6d516e535a0c2dcac8efadb5fe5c7b7d01b58896bbf3d"
"content-system","M","automation/queue.csv","664e5651971f9c71cb57080c78b199d2afc8f6e4d8013cc0e70a25024f5c41af"
"content-system","M","checklists/blog-pre-publish.md","378e7c5bc116d493aede5f1eea54619f72450fe11faa697c532584417411e776"
"content-system","M","checklists/blog-quality-checklist.md","a237439d12a0b720da9e1c5016b8f9f197da82ee5199bdb4458ec80d3a7bae05"
"content-system","M","checklists/glossary-pre-publish.md","75a9403fdcd1393d715f4e6238b52b0011141690c5ebbf28ae55b465ce2d8ccf"
"content-system","M","checklists/glossary-quality-checklist.md","65bf5db2c253d1695c8760524c61df49ac833efd4dbefb91fc64bef09b8e6e32"
"content-system","M","content-map/audit-logs/batch-i1-2026-09-29.md","d7b679ac05d2f5ce26dc8b1597dc86ddeb095403443062a92bc9d07ddae2cfc4"
"content-system","??","content-map/audit-logs/batch-i10-2026-10-04.md","0f40ce2dd421c0dde0adcd3549ea17b269750361f52f7c207d43670f941db64c"
"content-system","??","content-map/audit-logs/batch-i2-2026-10-01.md","29a3879551aecfeb673f90042dae49649e7924731a9e1e99f26603415ec2f685"
"content-system","??","content-map/audit-logs/batch-i3-2026-10-02.md","cb24fc65e340ad7e39a6198688f44619575d1e88a2c693b93825394da52ce157"
"content-system","??","content-map/audit-logs/batch-i4-2026-10-02.md","a3b7f6b8542380e24223130271dc4ab261e2ae2e579e9e0d42e46df8b2e2ec9d"
"content-system","??","content-map/audit-logs/batch-i5-2026-10-02.md","27402ba7dcb8268d069df7ecf01623262e6852103f9650a516b248bf9aa613e5"
"content-system","??","content-map/audit-logs/batch-i6-2026-10-03.md","f79696efc933f0bd8069a079233313f2fa31d4c61b1d6c0e660f9dcf3cfb65ab"
"content-system","??","content-map/audit-logs/batch-i7-2026-10-03.md","132265455f7de6207fbea119f200ef0eb8902b78a83843e9b3d847519a8227f1"
"content-system","??","content-map/audit-logs/batch-i8-2026-10-04.md","3ed240651830ca2f3f3a4091088812cdb607e14be2ce9be835864fb01fc70f7d"
"content-system","??","content-map/audit-logs/batch-i9-2026-10-04.md","53752cc4aa0b555c3983a753dc9fac42486d971271cb33e4e4daa1bf19047da5"
"content-system","M","content-map/future-content-opportunities-2026-09-24.csv","9d7382b178a2d41b9b800d5cc55a81286528ba26508a0364ced448c7e97f2a47"
"content-system","??","content-map/gsc/gsc-i10-post-loss-trading-routine-2026-10-04.md","6b612f2a392c929d1e1549e2200b047e6b3e3329638471fc4159ab5f6777e794"
"content-system","??","content-map/gsc/gsc-i3-trading-journal-2026-10-01.md","a68bac94a021dace382abab5b1699e42615179921105f5860d84a3596ecfa8ba"
"content-system","??","content-map/gsc/gsc-i4-prop-firm-rules-2026-10-02.md","e0d4b74b3ef6ac73dd7196c31a4176448891edafbb1ceb65bb213675436a3bcc"
"content-system","??","content-map/gsc/gsc-i5-prop-firm-payout-2026-10-02.md","a4bd9cef02d0b99c78db10f459ca8eab938f4d6fda99b8173a882b1c70636f52"
"content-system","??","content-map/gsc/gsc-i6-trading-performance-metrics-2026-10-02.md","7f1d824e746648644308e814a8a93d08541ce63778846dc4e38c88f1f4c3e9b9"
"content-system","??","content-map/gsc/gsc-i7-trading-expectancy-calculator-2026-10-03.md","43b1a3e0ed4dc87ed99530c4c508df05dd96b06b29153bdbfbc60f586654a964"
"content-system","??","content-map/gsc/gsc-i8-revenge-trading-2026-10-04.md","79aca043b72b36603481fdeccc17ebec667bdabb67bbf2da28a87f42d52dbb96"
"content-system","??","content-map/gsc/gsc-i9-trading-discipline-checklist-2026-10-04.md","1c4e6e4465056882487e3a74372ba82bd3a9eccbd23a2c39001ffd1c9f80edf0"
"content-system","M","content-map/internal-link-register.csv","0d800b28ae994c8ef402208639b6e70d3f455437d0414221bb263e01505aff2f"
"content-system","M","content-map/keyword-research/README.md","685c657cff1d0dbbc82c19fb55e26d4d4f0960757b745e1797dc77c4fc078006"
"content-system","??","content-map/keyword-research/semrush-i10-post-loss-trading-routine-india-2026-10-04.md","b7067cd3b4e3e33dd2de65ef8ddadbd97ecb9c40dd6976ea3182af27454f27f9"
"content-system","??","content-map/keyword-research/semrush-i3-trading-journal-india-2026-10-01.md","a7733e8dcb67a6a1affa4385fc22a563208f84124b620cf12d8b4c814f0ab366"
"content-system","??","content-map/keyword-research/semrush-i4-prop-firm-rules-india-2026-10-02.md","e0af2dd62fecf23a37a8df79c4494a4d5406dc2c28b3f419ba2d1428bc460b8c"
"content-system","??","content-map/keyword-research/semrush-i5-prop-firm-payout-india-2026-10-02.md","8859a6b723c848b5e1617d646cc846c41f1eeac0146edcf247f498956a2b832a"
"content-system","??","content-map/keyword-research/semrush-i6-trading-performance-metrics-india-2026-10-02.md","25257c7d6728a118e3f90d974e90ac428f86643987db0c974042baa279fe78c4"
"content-system","??","content-map/keyword-research/semrush-i7-trading-expectancy-calculator-india-2026-10-03.md","32426fad1b6af101d8fa69773973522f343beca2b05badd5cbf9f4aee8b0617c"
"content-system","??","content-map/keyword-research/semrush-i8-revenge-trading-india-2026-10-04.md","9e6f94cd6a3ab66eb7bf1aa01143b189116154f31043c7e2770a0917ff77f1e5"
"content-system","??","content-map/keyword-research/semrush-i9-trading-discipline-checklist-india-2026-10-04.md","54a6fa14d8958d8885e239c5ebf6ca216a1a1dd1f15ff8e9fe305e84c974dab4"
"content-system","M","content-map/refresh-queue.csv","89aa0a5d33fd202691fc39d4153787319d0f0ad869c323b08c3a4a4ab1017215"
"content-system","M","content-map/seo-article-register.csv","bc3f83003f7edda8b0b838acf0ff8c7b0e10e42415f66cfde31a3670b0c9d2b1"
"content-system","M","content-map/source-registers/general-research.csv","ab4c7155ef7194cadf8d07b5449bebe23bfea0b99737e8e10f8cd1efa6e25ecb"
"content-system","M","content-map/source-registers/prop-firm-rules.csv","cccdedb33f138b147de0f67947eaf59ba6fee05c99f68fc1ea120f051c2fba4b"
"content-system","M","content-map/url-migration-register.csv","0138008ad349a6cea68df58e66d3a150431fbeabf4cbd93707476df19cfa7164"
"content-system","??","content/approved/blogs/daily-drawdown-calculator.md","83002ceb44b9ed844704bc8c56f9395a1512da89f4595e2b667b3e25046bd171"
"content-system","??","content/approved/blogs/how-emotions-affect-trading-decisions.md","c2bbee8402c97aa1c37445ed7b4f82385828aa72afc57bdd822f5c71af5af1f7"
"content-system","??","content/approved/blogs/prop-firm-consistency-calculator.md","bcd592d9073220e7f419d7806b5e6ae04d16c7390f744b567277fc4e850e7dcd"
"content-system","??","content/approved/blogs/prop-firm-expense-tracking-guide.md","f06006eda4b33106a45b51feef04532572ebc8a81da3c63923ada00146e125ef"
"content-system","??","content/approved/blogs/prop-firm-payout-rules.md","2ced5a7f19112d8d16c5a65dff00a61f30c568d23414d051383f865730f0f5aa"
"content-system","??","content/approved/blogs/prop-firm-rules-guide.md","9c7526b9aee1f404729af6024705122c0c9b1a95a84f2463dc64d165e522b6c5"
"content-system","??","content/approved/blogs/prop-firm-trading-journal.md","878aaaf5a4cddda832d8bd330535af5d5e4bfc0b62f045d36a13f28bbe7f7930"
"content-system","??","content/approved/blogs/revenge-trading-prop-firm.md","801cb656eeb5b1b88ec73c3030be833c1f222b6f459901229f818a855535a094"
"content-system","??","content/approved/blogs/trading-discipline-checklist.md","b60e7e106f27db84a75288be848897fecb016fbfb664928c19070999a529a304"
"content-system","??","content/approved/blogs/trading-expectancy-calculator.md","d3c7f3583ad04cd8b74e2e676ceb115543d26e7403b7e9a27c2d77e27a8d6f7e"
"content-system","??","content/approved/blogs/trading-journal-template.md","07a6f4001beb291d10ce736483cbd112027768a967bacb304683f353c22e3abe"
"content-system","??","content/approved/blogs/trading-performance-metrics.md","98bf1d9f4399a14b5e374554085b586695ca9a69f85422e1cf005e9bbf943f82"
"content-system","??","content/approved/glossary/drawdown.md","4e65ec3cec6e02d00b5a73e8e4bb8d9aefba760f08fdb36e9c8bbda3e5f93e92"
"content-system","M","content/briefs/blogs/prop-firm-consistency-calculator.md","8ae2fc2d09b5b666342eb527f11fb19d79d8ef7fad36ed8e586d9e81c6d13883"
"content-system","??","content/briefs/blogs/prop-firm-payout-rules.md","4587c0ca625e89e18085a04a7f116b61a1b40c527d6c1363b148d8cc82005483"
"content-system","??","content/briefs/blogs/prop-firm-rules-guide.md","832207a22f8cc42960278c7bb77b53734c5e3aa85292d1e6d3defe031081b769"
"content-system","??","content/briefs/blogs/prop-firm-trading-journal.md","90c814b5c010cb78c46e299675ef4051f198b5854658d0d6791132352bbe8bca"
"content-system","??","content/briefs/blogs/revenge-trading-prop-firm.md","2064d8cc5e0c8d9e2432a2f68e9c710623dd346bdf28cd5d1c880f052b81b80a"
"content-system","??","content/briefs/blogs/trading-discipline-checklist.md","0a613db937363f14c8ce5be838f9c704632b412466d028576ade8037b1ed2fd5"
"content-system","??","content/briefs/blogs/trading-expectancy-calculator.md","2fd2b075271bbb714a76a71d4a83bb69db13a48962d85206f6fcfbab1d1e1c7b"
"content-system","??","content/briefs/blogs/trading-performance-metrics.md","537443e582fc2d98afe3bffaa41cbb9f4128a165300d132d2dbbb74408d6407d"
"content-system","??","content/briefs/glossary/drawdown.md","7b5d88d08290ec9a6cd7fcd3c73355f26bcf668301f9e307dbba52627132a6f4"
"content-system","M","content/drafts/blogs/prop-firm-consistency-calculator.md","bcd592d9073220e7f419d7806b5e6ae04d16c7390f744b567277fc4e850e7dcd"
"content-system","M","content/drafts/blogs/prop-firm-expense-tracking-guide.md","f06006eda4b33106a45b51feef04532572ebc8a81da3c63923ada00146e125ef"
"content-system","??","content/drafts/blogs/prop-firm-payout-rules.md","2ced5a7f19112d8d16c5a65dff00a61f30c568d23414d051383f865730f0f5aa"
"content-system","??","content/drafts/blogs/prop-firm-rules-guide.md","9c7526b9aee1f404729af6024705122c0c9b1a95a84f2463dc64d165e522b6c5"
"content-system","??","content/drafts/blogs/prop-firm-trading-journal.md","878aaaf5a4cddda832d8bd330535af5d5e4bfc0b62f045d36a13f28bbe7f7930"
"content-system","??","content/drafts/blogs/revenge-trading-prop-firm.md","801cb656eeb5b1b88ec73c3030be833c1f222b6f459901229f818a855535a094"
"content-system","??","content/drafts/blogs/trading-discipline-checklist.md","b60e7e106f27db84a75288be848897fecb016fbfb664928c19070999a529a304"
"content-system","??","content/drafts/blogs/trading-expectancy-calculator.md","d3c7f3583ad04cd8b74e2e676ceb115543d26e7403b7e9a27c2d77e27a8d6f7e"
"content-system","??","content/drafts/blogs/trading-performance-metrics.md","98bf1d9f4399a14b5e374554085b586695ca9a69f85422e1cf005e9bbf943f82"
"content-system","??","content/drafts/glossary/drawdown.md","4e65ec3cec6e02d00b5a73e8e4bb8d9aefba760f08fdb36e9c8bbda3e5f93e92"
"content-system","M","docs/audience-and-market-policy.md","2163344b2a7efebb62bf6b428219ddee84907071b10f59f9fe9f35138a668d84"
"content-system","M","docs/seo-portfolio-contract.md","e03e278e7f7d0a5c8ff533de7bfe381678fb52f4e19316fc86c9b5e932e819bc"
"content-system","M","knowledge/00-system-rules.md","c7f4c32d608a9b0bf7fb76cdeea189eacfeaa47106b8858d5f441519499d8970"
"content-system","M","knowledge/03-writing-style.md","0aa39905c7704b0198f1af08587f661efe26ecf9dedc77c86a3df5c9c69c46b1"
"content-system","M","knowledge/04-seo.md","aa7b5697e44bc89c645b9570863317fb3e41f6adb9be6d3b464eda12f1cf50d9"
"content-system","M","knowledge/11-source-expiry-rules.md","4e93354e1d96b6d67c596097f64839c028b7d1f967c2470357c336364d4ae516"
"content-system","M","knowledge/12-direct-trader-teaching.md","979a878ac31b72692372486dd9a7336d0ac4aa59c790ae197ad55f64207175d2"
"content-system","M","knowledge/13-glossary-teaching-standard.md","4cca399df8549e264f0ede17e10bc37d4f3e7610a14fa2776d7c3fc9722b7683"
"content-system","M","playbooks/daily-content.md","1ce7fa86a7b1e35d8825d5207acfcc65eb45b31a7df06e9da4d6382863675cf8"
"glossary","??","public/images/drawdown-performance-vs-rule-note.webp","3b6d044058cdc607f9f4413fff513088a636136ee5efcf25d1d15b1673e83402"
"glossary","??","public/images/revenge-trading-full-check.webp","7d727868017266834286a60d8280b7a61fa265105d33367e5c6f6caf2203f026"
"glossary","M","scripts/validate-content.mjs","206f6763bfb8cb63ce359d429c4b2e89d1a3cab4f5a9e7a1cf3ac68082799029"
"glossary","??","src/components/DrawdownLearningNote.astro","86482f4f8338d06054e6654fe3fe96a6a6c9da6a4b52eabb48792e36322fb9f6"
"glossary","??","src/components/RevengeTradingNote.astro","09ae0d1ca3b300699ae48716fbb2fe9565af055659afcf98e176c3f0d8f6d7fd"
"glossary","M","src/data/glossary-terms.js","f15b74d93983524310274349e17d838893df83ebbe7032206266ecd755209e99"
"glossary","M","src/pages/[slug].astro","a2151ec2d11118d369f8694e41067b12001e2dca7a3844a823e2407c79e1e454"
