"opportunity_id","priority","action","content_type","proposed_url","category","topic_cluster","primary_keyword","supporting_keywords","search_intent","evidence_source","target_market","market_tier","market_rationale","monthly_volume","seo_difficulty","cpc_usd","gsc_signal","canonical_owner_or_overlap","required_internal_links","source_risk","status","reason"
"G1-001","P1","Update","Glossary","https://proplogai.com/glossary/overtrading","Discipline","Trading Discipline and Rulebooks","overtrading","what is overtrading | overtrading meaning | overtrading definition","Definition","GSC India","India / English","Primary","PropLogAI's primary audience is India.","","","","19 visible India impressions across overtrading query variants; glossary page has 19 India impressions","Canonical definition owner","Discipline pillar | overtrading application guide","Low","Released and production verified","Batch H2 overtrading glossary was reviewed and approved as the PropLogAI glossary benchmark; no duplicate rewrite is needed. Production verified 2026-10-04 with HTTP, canonical, sitemap, schema, and internal-link checks."
"G1-002","P1","Update","Blog","https://proplogai.com/blogs/prop-firm-consistency-calculator","Prop Firm Rules","Prop Firm Rules and Readiness","consistency rule calculator","prop firm consistency calculator | prop firm consistency rule | calculate consistency rule","Informational utility","Ubersuggest India + GSC India","India / English","Primary","PropLogAI's primary audience is India.","1300","11","1.61","3 visible India query impressions; calculator page has 2 India impressions","Calculator-guide owner","Consistency-rule glossary | live calculator | readiness pillar","High","Released and production verified","Batch I1 revision 3 was approved by Vicky on 2026-10-01; grouped release remains local and unpushed. Production verified 2026-10-04 with HTTP, canonical, sitemap, schema, and internal-link checks."
"G1-003","P1","Update","Glossary","https://proplogai.com/glossary/drawdown","Risk Management","Risk and Drawdown","drawdown in prop firm","what is drawdown in prop firm | trading drawdown | drawdown limit","Definition","GSC India","India / English","Primary","PropLogAI's primary audience is India.","","","","1 visible India impression for drawdown limit and the drawdown glossary page","Canonical definition owner","Risk pillar | daily drawdown glossary | overall drawdown glossary | calculator guide","Medium","Released and production verified","Batch I2 revision 1 approved locally with a simple definition, XAUUSD worked example, handwritten zoom note, and verified cluster links; grouped release pending. Production verified 2026-10-04 with HTTP, canonical, sitemap, schema, and internal-link checks."
"G1-004","P1","Update","Blog","https://proplogai.com/blogs/prop-firm-expense-tracking-guide","Costs and Payouts","Prop Firm Costs, Payouts, and ROI","prop firm expense tracking","prop firm fees | challenge cost tracking | prop firm expense records","Informational","Editorial hypothesis","India / English","Primary","PropLogAI's primary audience is India.","","","","","Current cost-record pillar","ROI calculator | funded-account definition","Medium","Released and production verified","Closest striking-distance page in the current evidence set. Production verified 2026-10-04 with HTTP, canonical, sitemap, schema, and internal-link checks."
"G1-005","P1","Update and consolidate","Blog","https://proplogai.com/blogs/prop-firm-trading-journal","Journaling","Trading Journaling and Reviews","prop firm trading journal","trading journal for funded accounts | trading journal fields | trading journal workflow","Informational","GSC India","India / English","Primary","PropLogAI's primary audience is India.","","","","2 India impressions for prop firm trading journal currently land on the funded-account article","Preferred journal pillar","Trading-journal glossary | fields guide | funded-account workflow","Low","Released and production verified","I3 revision 1 was reviewed and approved by Vicky on 2026-10-02; grouped release remains local and unpushed. Production verified 2026-10-04 with HTTP, canonical, sitemap, schema, and internal-link checks."
"G1-006","P1","Consolidate","Blog","https://proplogai.com/blogs/trading-journal-benefits","Journaling","Trading Journaling and Reviews","trading journal benefits","why keep a trading journal | benefits of trade journaling","Informational","Editorial hypothesis","India / English","Primary","PropLogAI's primary audience is India.","","","","","Overlaps the journal pillar","Journal pillar","Low","Released and production verified","Useful beginner material is consolidated; legacy source removed from the local collection and permanent redirect configured. Production release remains separately controlled. Production verified 2026-10-04 with HTTP, canonical, sitemap, schema, and internal-link checks."
"G1-007","P1","Create","Blog","https://proplogai.com/blogs/trading-journal-template","Journaling","Trading Journaling and Reviews","trading journal template","trading journal template excel | trading journal excel free download india | trading journal template google sheets | trading journal examples","Informational template","Current search review India","India / English","Primary","PropLogAI's primary audience is India.","480","20","0","","New intent; avoid duplicating journal-fields page","Journal pillar | trading-journal glossary | fields guide","Low","Released and production verified","Revision 5 approved by Vicky on 2026-09-24 with USD/$ standard and exact review hash; awaiting separate release action. Production verified 2026-10-04 with HTTP, canonical, sitemap, schema, and internal-link checks."
"G1-008","P1","Create","Blog","https://proplogai.com/blogs/prop-firm-rules-guide","Prop Firm Rules","Prop Firm Rules and Readiness","prop firm rules","prop firm challenge rules | how to read prop firm rules | funded account rules","Commercial informational","Semrush India + GSC direct browser","India / English","Primary","PropLogAI's primary audience is India.","","","","0 exact-query GSC impressions; 70 impressions across queries containing prop firm; Semrush exact metric unavailable but broader prop firm volume is 9900","New pillar; readiness page remains checklist support","Challenge glossary | funded-account glossary | drawdown terms | consistency rule","High","Released and production verified","I4 brief revision 1 uses a dated first-party source plan and does not treat the exact phrase as a measured high-volume opportunity. Production verified 2026-10-04 with HTTP, canonical, sitemap, schema, and internal-link checks."
"G1-009","P2","Create","Blog","https://proplogai.com/blogs/trading-performance-metrics","Performance Analytics","Trading Performance Metrics","trading performance metrics","trading performance analysis | how to measure trading performance | trading journal metrics | performance report metrics","Informational","GSC India + current search review + Semrush India","India / English","Primary","PropLogAI's primary audience is India.","20","","0","0 clicks and 0 impressions for the metric regex, 2026-07-06 to 2026-09-29","Planned performance pillar","Profit factor | expectancy | win rate | equity curve | performance report","Medium","Released and production verified","I6 revision 1 was human-approved on 2026-10-03. Restored Semrush India access measured the exact primary phrase at volume 20; the broader analysis phrase at 30 supports the same pillar, while profit factor remains glossary-owned. No approved content or URL change was required. Production verified 2026-10-04 with HTTP, canonical, sitemap, schema, and internal-link checks."
"G1-010","P2","Create","Blog","https://proplogai.com/blogs/trading-expectancy-calculator","Performance Analytics","Trading Performance Metrics","trading expectancy calculator","expectancy formula | calculate trading expectancy | average win average loss","Informational utility","GSC India + current search review + Semrush India","India / English","Primary","PropLogAI's primary audience is India.","20","","0","0 clicks and 0 impressions for expectancy/expected value/profit factor regex, 2026-07-06 to 2026-09-29","New utility intent; glossary keeps definition","Expectancy glossary | average-win-vs-loss glossary | performance pillar","Medium","Released and production verified","I7 revision 1 was human-approved on 2026-10-03. The deterministic calculator, 20-trade XAUUSD example, WebP teaching visuals, and reciprocal blog-glossary links remain local. No push or production change was made. Production verified 2026-10-04 with HTTP, canonical, sitemap, schema, and internal-link checks."
"G1-011","P2","Create tool and guide","Utility","https://proplogai.com/tools/position-size-calculator","Risk Management","Risk and Drawdown","forex position size calculator","position size calculator | position sizing calculator | risk per trade calculator | forex lot size calculator","Utility","Semrush India + GSC India + live URL check","India / English","Primary","PropLogAI's primary audience is India.","4400","47","0.56","India and all-country query family: 0 clicks, 0 impressions, 2026-07-07/2026-10-06; proposed calculator URL returned 404 on 2026-10-09","Tool owns calculation; planned guide owns worked method; glossary and pillar owners preserved","Position-sizing glossary | risk-per-trade glossary | stop-loss glossary | daily and overall drawdown glossary | risk pillar | planned guide","High","Local implementation - Human Review","K3 brief revision 1 was approved by Vicky on 2026-10-09. The calculator, supporting guide, glossary links and pillar links are implemented in isolated local worktrees. Calculation tests and production builds pass; browser review remains local and no push, merge or deployment is authorised."
"G1-012","P2","Create","Blog","https://proplogai.com/blogs/prop-firm-payout-rules","Costs and Payouts","Prop Firm Costs, Payouts, and ROI","prop firm payout","prop firm payout rules | funded account payout | payout eligibility","Commercial informational","Semrush India + GSC direct browser + earlier Ubersuggest India","India / English","Primary","PropLogAI's primary audience is India.","170","16","1.12","0 clicks and 0 impressions for queries containing payout","No current owner; overlaps firm-specific volatile rules","Funded-account glossary | expense pillar | ROI calculator","High","Released and production verified","I5 revision 1 approved by Vicky on 2 October 2026. Local article, visuals, SEO records, and reciprocal links are complete; production release remains separate. Production verified 2026-10-04 with HTTP, canonical, sitemap, schema, and internal-link checks."
"G1-013","P2","Update","Blog","https://proplogai.com/blogs/revenge-trading-prop-firm","Psychology","Trading Psychology and Emotions","how to stop revenge trading","app to stop revenge trading | revenge trading cycle | post-loss routine","Informational practical workflow","Current search review","India / English","Primary","PropLogAI's primary audience is India. Property-wide GSC supports URL ownership and query wording but does not measure India demand; forex and prop-firm examples remain in USD.","","","","Property-wide: 11 impressions for app to stop revenge trading; 0 clicks; average position 55.2; 2026-07-06 through 2026-09-29","Canonical practical-workflow owner; revenge glossary owns the definition","Revenge-trading glossary | tilt glossary | overtrading glossary | psychology pillar","Medium","Released and production verified","I8 revision 1 approved by Vicky on 4 October 2026. Local blog, companion glossary, handwritten WebP visuals, SEO records, and internal links are complete; production release remains separate. Production verified 2026-10-04 with HTTP, canonical, sitemap, schema, and internal-link checks."
"G1-014","P3","Create","Blog","https://proplogai.com/blogs/trading-discipline-checklist","Discipline","Trading Discipline and Rulebooks","trading discipline checklist","pre-trade discipline checklist | rule adherence checklist | prop firm discipline routine","Informational checklist","Semrush India + GSC direct browser + current search review","India / English","Primary","PropLogAI's primary audience is India.","","27","","Property-wide: 0 clicks and 0 impressions for discipline/checklist regex; 2026-07-06 through 2026-09-29","New checklist utility; discipline pillar owns the broad system and rulebook guide owns rule creation","Discipline pillar | trading rulebook | prop-firm rules guide | setup compliance | rule-based trading","Low","Released and production verified","I9 revision 1 was approved by Vicky on 4 October 2026. The four-stage checklist, XAUUSD Wait example, five handwritten WebP visuals, SEO records and internal links remain local. No push or production change was made. Production verified 2026-10-04 with HTTP, canonical, sitemap, schema, and internal-link checks."
"G1-015","P3","Create","Blog","https://proplogai.com/blogs/post-loss-trading-routine","Psychology","Trading Psychology and Emotions","post loss trading routine","what to do after a trading loss | cooling off routine | revenge trading prevention","Informational workflow","Semrush India + GSC direct browser + current search review","India / English","Primary","PropLogAI's primary audience is India.","","","","Property-wide: 12 impressions across the broad post-loss regex; 11 belong to app to stop revenge trading and the existing revenge article; 1 belongs to profit and loss calendar","Revenge article owns immediate post-loss behaviour; I9 owns the compact checklist; P&L calendar owns calendar-based sequence review","Revenge guide | revenge glossary | tilt glossary | psychology pillar","Medium","Consolidated into released pages","I10 consolidation decision approved by Vicky on 4 October 2026. Do not create a separate post-loss-routine URL. The approved revenge article remains the canonical immediate post-loss workflow; I9 owns the compact checklist. Reconsider only with distinct future evidence. Production verified 2026-10-04; no separate URL was created."
"G1-016","P3","Defer","Landing or guide","https://proplogai.com/trading-journal","Journaling","Trading Journaling and Reviews","free trading journal","free trading journal app | online trading journal | trading journal software","Commercial informational","Current search review India","India / English","Primary","PropLogAI's primary audience is India.","480","31","0.15","","Potential conflict with product and journal pillar","Journal pillar | trading-journal glossary | product page","Medium","Needs product and canonical decision","Strong demand but page type and product positioning must be decided before writing"
