url,content_type,title,category,primary_intent,primary_topic,content_role,status,http_result,canonical_result,last_checked,evidence_basis,audit_priority,notes
https://proplogai.com/blogs,blog_index,Blog | PropLogAI Blog,Mixed,discovery,Mixed,index,live,200,self canonical,2026-10-04,live HTTP and sitemap audit; intent role is editorial hypothesis,P1,h1=1; words~1100; schema=CollectionPage; sources=0; blog_links=29; glossary_links=0; date=missing
https://proplogai.com/blogs/trading-discipline-checklist,blog,Trading Discipline Checklist for Prop Firm Traders | PropLogAI Blog,Trading Discipline,educational guide,trading discipline checklist,cluster support,live,200,self canonical,2026-10-04,live HTTP and sitemap audit; intent role is editorial hypothesis,P2,h1=1; words~1978; schema=BlogPosting|BreadcrumbList; sources=3; blog_links=9; glossary_links=5
https://proplogai.com/blogs/trading-expectancy-calculator,blog,Trading Expectancy Calculator and Formula | PropLogAI Blog,Tools and Calculators,educational guide,trading expectancy calculator,cluster support,live,200,self canonical,2026-10-04,live HTTP and sitemap audit; intent role is editorial hypothesis,P2,h1=1; words~1953; schema=BlogPosting|BreadcrumbList; sources=0; blog_links=8; glossary_links=4
https://proplogai.com/blogs/trading-performance-metrics,blog,Trading Performance Metrics: Read Them Together | PropLogAI Blog,General Forex Education,educational guide,trading performance metrics,cluster support,live,200,self canonical,2026-10-04,live HTTP and sitemap audit; intent role is editorial hypothesis,P2,h1=1; words~2289; schema=BlogPosting|BreadcrumbList; sources=0; blog_links=9; glossary_links=8
https://proplogai.com/blogs/prop-firm-payout-rules,blog,Prop Firm Payout Rules: Before You Request | PropLogAI Blog,General Forex Education,educational guide,prop firm payout rules,cluster support,live,200,self canonical,2026-10-04,live HTTP and sitemap audit; intent role is editorial hypothesis,P2,h1=1; words~1954; schema=BlogPosting|BreadcrumbList; sources=4; blog_links=7; glossary_links=4
https://proplogai.com/blogs/prop-firm-rules-guide,blog,Prop Firm Rules: What to Check Before You Buy | PropLogAI Blog,General Forex Education,educational guide,prop firm rules guide,cluster support,live,200,self canonical,2026-10-04,live HTTP and sitemap audit; intent role is editorial hypothesis,P2,h1=1; words~1892; schema=BlogPosting|BreadcrumbList; sources=2; blog_links=8; glossary_links=7
https://proplogai.com/blogs/trading-journal-template,blog,Trading Journal Template for Prop Firm Traders | PropLogAI Blog,Trading Journaling,educational guide,trading journal template,cluster support,live,200,self canonical,2026-10-04,live HTTP and sitemap audit; intent role is editorial hypothesis,P2,h1=1; words~1728; schema=BlogPosting|BreadcrumbList; sources=0; blog_links=8; glossary_links=3
https://proplogai.com/blogs/monthly-trading-review-template,blog,Monthly Trading Review Template for Prop Firm Traders | PropLogAI Blog,Trading Journaling,educational guide,monthly trading review template,cluster support,live,200,self canonical,2026-10-04,live HTTP and sitemap audit; intent role is editorial hypothesis,P2,h1=1; words~1582; schema=BlogPosting|BreadcrumbList; sources=0; blog_links=10; glossary_links=0
https://proplogai.com/blogs/weekly-trading-review-template,blog,Weekly Trading Review Template for Forex Traders | PropLogAI Blog,Trading Journaling,educational guide,weekly trading review template,cluster support,live,200,self canonical,2026-10-04,live HTTP and sitemap audit; intent role is editorial hypothesis,P2,h1=1; words~1645; schema=BlogPosting|BreadcrumbList; sources=0; blog_links=9; glossary_links=0
https://proplogai.com/blogs/prop-firm-challenge-readiness,blog,How to Know If You Are Ready for a Prop Firm Challenge | PropLogAI Blog,General Forex Education,educational guide,prop firm challenge readiness,cluster support,live,200,self canonical,2026-10-04,live HTTP and sitemap audit; intent role is editorial hypothesis,P2,h1=1; words~1651; schema=BlogPosting|BreadcrumbList; sources=0; blog_links=8; glossary_links=0
https://proplogai.com/blogs/forex-trading-for-beginners,blog,Forex Trading for Beginners: What to Learn Before Taking a Prop Firm Challenge | PropLogAI Blog,General Forex Education,educational guide,forex trading for beginners,cluster support,live,200,self canonical,2026-10-04,live HTTP and sitemap audit; intent role is editorial hypothesis,P2,h1=1; words~1723; schema=BlogPosting|BreadcrumbList; sources=0; blog_links=6; glossary_links=0
https://proplogai.com/blogs/prop-firm-risk-management,blog,What Is Risk Management in Forex Trading? | PropLogAI Blog,General Forex Education,educational guide,prop firm risk management,pillar candidate,live,200,self canonical,2026-10-04,live HTTP and sitemap audit; intent role is editorial hypothesis,P2,h1=1; words~1782; schema=BlogPosting|BreadcrumbList; sources=0; blog_links=6; glossary_links=3
https://proplogai.com/blogs/ai-journal-pattern-detection,blog,How an AI Trading Coach Finds Patterns in Your Journal Data | PropLogAI Blog,AI Trading Coaching,educational guide,ai journal pattern detection,cluster support,live,200,self canonical,2026-10-04,live HTTP and sitemap audit; intent role is editorial hypothesis,P2,h1=1; words~1700; schema=BlogPosting|BreadcrumbList; sources=0; blog_links=5; glossary_links=0
https://proplogai.com/blogs/ai-trading-discipline,blog,How to Use AI to Improve Trading Discipline Without Taking Trading Advice | PropLogAI Blog,AI Trading Coaching,educational guide,ai trading discipline,cluster support,live,200,self canonical,2026-10-04,live HTTP and sitemap audit; intent role is editorial hypothesis,P2,h1=1; words~1671; schema=BlogPosting|BreadcrumbList; sources=0; blog_links=6; glossary_links=0
https://proplogai.com/blogs/prop-firm-consistency-calculator,blog,Consistency Rule Calculator for Prop Firm Traders | PropLogAI Blog,Tools and Calculators,educational guide,prop firm consistency calculator,cluster support,live,200,self canonical,2026-10-04,live HTTP and sitemap audit; intent role is editorial hypothesis,P2,h1=1; words~2290; schema=BlogPosting|BreadcrumbList; sources=5; blog_links=5; glossary_links=5
https://proplogai.com/blogs/ai-trading-coach-prop-firm,blog,AI Trading Coach for Prop Firm Traders: What It Should and Should Not Do | PropLogAI Blog,AI Trading Coaching,educational guide,ai trading coach prop firm,pillar candidate,live,200,self canonical,2026-10-04,live HTTP and sitemap audit; intent role is editorial hypothesis,P2,h1=1; words~1680; schema=BlogPosting|BreadcrumbList; sources=0; blog_links=7; glossary_links=0
https://proplogai.com/blogs/prop-firm-roi-calculator,blog,"Prop Firm ROI Calculator: Fees, Payouts, and Failed Challenges | PropLogAI Blog",Prop Firm Expenses and ROI,educational guide,prop firm roi calculator,cluster support,live,200,self canonical,2026-10-04,live HTTP and sitemap audit; intent role is editorial hypothesis,P2,h1=1; words~1817; schema=BlogPosting|BreadcrumbList; sources=0; blog_links=5; glossary_links=0
https://proplogai.com/blogs/overtrading-prop-firm-challenges,blog,Overtrading in Prop Firm Challenges: Signs and Review | PropLogAI Blog,Trading Discipline,educational guide,overtrading prop firm challenges,cluster support,live,200,self canonical,2026-10-04,live HTTP and sitemap audit; intent role is editorial hypothesis,P2,h1=1; words~2061; schema=BlogPosting|BreadcrumbList; sources=0; blog_links=5; glossary_links=6
https://proplogai.com/blogs/prop-firm-pnl-calendar,blog,P&L Calendar for Traders: Spot Revenge Days and Losing Streaks | PropLogAI Blog,Trading Journaling,educational guide,prop firm pnl calendar,cluster support,live,200,self canonical,2026-10-04,live HTTP and sitemap audit; intent role is editorial hypothesis,P2,h1=1; words~1609; schema=BlogPosting|BreadcrumbList; sources=0; blog_links=7; glossary_links=0
https://proplogai.com/blogs/prop-firm-trading-rulebook,blog,How to Create a Trading Rulebook You Actually Follow | PropLogAI Blog,Trading Discipline,educational guide,prop firm trading rulebook,cluster support,live,200,self canonical,2026-10-04,live HTTP and sitemap audit; intent role is editorial hypothesis,P2,h1=1; words~1917; schema=BlogPosting|BreadcrumbList; sources=0; blog_links=6; glossary_links=0
https://proplogai.com/blogs/revenge-trading-prop-firm,blog,How to Stop Revenge Trading After a Loss | PropLogAI | PropLogAI Blog,Trading Psychology,educational guide,revenge trading prop firm,cluster support,live,200,self canonical,2026-10-04,live HTTP and sitemap audit; intent role is editorial hypothesis,P2,h1=1; words~1844; schema=BlogPosting|BreadcrumbList; sources=3; blog_links=7; glossary_links=7
https://proplogai.com/blogs/tracking-trading-emotions,blog,How to Track Trading Emotions Without Turning Your Journal Into a Diary | PropLogAI Blog,Trading Psychology,educational guide,tracking trading emotions,cluster support,live,200,self canonical,2026-10-04,live HTTP and sitemap audit; intent role is editorial hypothesis,P2,h1=1; words~1764; schema=BlogPosting|BreadcrumbList; sources=0; blog_links=6; glossary_links=0
https://proplogai.com/blogs/trading-discipline-prop-firm,blog,Trading Discipline for Prop Firm Traders: A Practical System | PropLogAI Blog,Trading Discipline,educational guide,trading discipline prop firm,pillar candidate,live,200,self canonical,2026-10-04,live HTTP and sitemap audit; intent role is editorial hypothesis,P2,h1=1; words~1582; schema=BlogPosting|BreadcrumbList; sources=0; blog_links=7; glossary_links=0
https://proplogai.com/blogs/trading-psychology-prop-firm,blog,Trading Psychology for Prop Firm Traders: Why Your Mind Breaks the Rules | PropLogAI Blog,Trading Psychology,educational guide,trading psychology prop firm,pillar candidate,live,200,self canonical,2026-10-04,live HTTP and sitemap audit; intent role is editorial hypothesis,P2,h1=1; words~1605; schema=BlogPosting|BreadcrumbList; sources=0; blog_links=8; glossary_links=0
https://proplogai.com/blogs/forex-journal-funded-accounts,blog,How to Keep a Forex Trading Journal for Funded Accounts | PropLogAI Blog,Trading Journaling,educational guide,forex journal funded accounts,cluster support,live,200,self canonical,2026-10-04,live HTTP and sitemap audit; intent role is editorial hypothesis,P2,h1=1; words~1658; schema=BlogPosting|BreadcrumbList; sources=0; blog_links=6; glossary_links=0
https://proplogai.com/blogs/prop-firm-trading-journal,blog,Prop Firm Trading Journal: What to Track and Review | PropLogAI Blog,Trading Journaling,educational guide,prop firm trading journal,pillar candidate,live,200,self canonical,2026-10-04,live HTTP and sitemap audit; intent role is editorial hypothesis,P2,h1=1; words~1915; schema=BlogPosting|BreadcrumbList; sources=0; blog_links=8; glossary_links=3
https://proplogai.com/blogs/trading-journal-fields,blog,Trading Journal Fields Every Prop Firm Trader Should Track | PropLogAI Blog,Trading Journaling,educational guide,trading journal fields,cluster support,live,200,self canonical,2026-10-04,live HTTP and sitemap audit; intent role is editorial hypothesis,P2,h1=1; words~1820; schema=BlogPosting|BreadcrumbList; sources=0; blog_links=9; glossary_links=0
https://proplogai.com/blogs/daily-drawdown-calculator,blog,Daily Drawdown Calculator for Prop Firm Traders | PropLogAI Blog,Tools and Calculators,educational guide,daily drawdown calculator,cluster support,live,200,self canonical,2026-10-04,live HTTP and sitemap audit; intent role is editorial hypothesis,P2,h1=1; words~1687; schema=BlogPosting|BreadcrumbList; sources=3; blog_links=5; glossary_links=4
https://proplogai.com/blogs/how-emotions-affect-trading-decisions,blog,How Emotions Affect Trading Decisions | PropLogAI Blog,Trading Psychology,educational guide,how emotions affect trading decisions,cluster support,live,200,self canonical,2026-10-04,live HTTP and sitemap audit; intent role is editorial hypothesis,P2,h1=1; words~1705; schema=BlogPosting|BreadcrumbList; sources=2; blog_links=6; glossary_links=3
https://proplogai.com/blogs/prop-firm-expense-tracking-guide,blog,Prop Firm Expense Tracking: Simple USD Log | PropLogAI Blog,Prop Firm Expenses and ROI,educational guide,prop firm expense tracking guide,cluster support,live,200,self canonical,2026-10-04,live HTTP and sitemap audit; intent role is editorial hypothesis,P1,h1=1; words~1948; schema=BlogPosting|BreadcrumbList; sources=0; blog_links=7; glossary_links=1
https://proplogai.com/glossary,glossary_index,Trading Glossary | PropLogAI Glossary,Mixed,discovery,Mixed,index,live,200,self canonical,2026-10-04,live HTTP and sitemap audit; intent role is editorial hypothesis,P1,h1=1; words~1061; schema=CollectionPage|DefinedTermSet; sources=0; blog_links=0; glossary_links=35; date=missing
https://proplogai.com/glossary/fomo,glossary,FOMO (Fear of Missing Out) | PropLogAI Glossary,Trading Psychology,definition of fomo,fomo,definition,live,200,self canonical,2026-10-04,live HTTP and sitemap audit; intent role is editorial hypothesis,P2,h1=1; words~431; schema=WebPage|DefinedTerm|BreadcrumbList; sources=0; blog_links=0; glossary_links=3
https://proplogai.com/glossary/revenge-trading,glossary,Revenge Trading | PropLogAI Glossary,Trading Psychology,definition of revenge trading,revenge trading,definition,live,200,self canonical,2026-10-04,live HTTP and sitemap audit; intent role is editorial hypothesis,P2,h1=1; words~624; schema=WebPage|DefinedTerm|BreadcrumbList; sources=3; blog_links=1; glossary_links=5
https://proplogai.com/glossary/tilt,glossary,Tilt | PropLogAI Glossary,Trading Psychology,definition of tilt,tilt,definition,live,200,self canonical,2026-10-04,live HTTP and sitemap audit; intent role is editorial hypothesis,P2,h1=1; words~363; schema=WebPage|DefinedTerm|BreadcrumbList; sources=0; blog_links=1; glossary_links=3
https://proplogai.com/glossary/confirmation-bias,glossary,Confirmation Bias | PropLogAI Glossary,Trading Psychology,definition of confirmation bias,confirmation bias,definition,live,200,self canonical,2026-10-04,live HTTP and sitemap audit; intent role is editorial hypothesis,P2,h1=1; words~354; schema=WebPage|DefinedTerm|BreadcrumbList; sources=0; blog_links=0; glossary_links=3
https://proplogai.com/glossary/loss-aversion,glossary,Loss Aversion | PropLogAI Glossary,Trading Psychology,definition of loss aversion,loss aversion,definition,live,200,self canonical,2026-10-04,live HTTP and sitemap audit; intent role is editorial hypothesis,P1,h1=1; words~359; schema=WebPage|DefinedTerm|BreadcrumbList; sources=1; blog_links=0; glossary_links=3
https://proplogai.com/glossary/overconfidence,glossary,Overconfidence | PropLogAI Glossary,Trading Psychology,definition of overconfidence,overconfidence,definition,live,200,self canonical,2026-10-04,live HTTP and sitemap audit; intent role is editorial hypothesis,P2,h1=1; words~337; schema=WebPage|DefinedTerm|BreadcrumbList; sources=0; blog_links=0; glossary_links=3
https://proplogai.com/glossary/drawdown,glossary,Drawdown | PropLogAI Glossary,Risk Management,definition of drawdown,drawdown,definition,live,200,self canonical,2026-10-04,live HTTP and sitemap audit; intent role is editorial hypothesis,P2,h1=1; words~560; schema=WebPage|DefinedTerm|BreadcrumbList; sources=5; blog_links=3; glossary_links=5
https://proplogai.com/glossary/position-sizing,glossary,Position Sizing | PropLogAI Glossary,Risk Management,definition of position sizing,position sizing,definition,live,200,self canonical,2026-10-04,live HTTP and sitemap audit; intent role is editorial hypothesis,P2,h1=1; words~369; schema=WebPage|DefinedTerm|BreadcrumbList; sources=0; blog_links=0; glossary_links=3
https://proplogai.com/glossary/risk-reward-ratio,glossary,Risk-Reward Ratio | PropLogAI Glossary,Risk Management,definition of risk reward ratio,risk reward ratio,definition,live,200,self canonical,2026-10-04,live HTTP and sitemap audit; intent role is editorial hypothesis,P2,h1=1; words~346; schema=WebPage|DefinedTerm|BreadcrumbList; sources=0; blog_links=0; glossary_links=3
https://proplogai.com/glossary/stop-loss,glossary,Stop Loss | PropLogAI Glossary,Risk Management,definition of stop loss,stop loss,definition,live,200,self canonical,2026-10-04,live HTTP and sitemap audit; intent role is editorial hypothesis,P2,h1=1; words~349; schema=WebPage|DefinedTerm|BreadcrumbList; sources=0; blog_links=0; glossary_links=3
https://proplogai.com/glossary/risk-per-trade,glossary,Risk Per Trade | PropLogAI Glossary,Risk Management,definition of risk per trade,risk per trade,definition,live,200,self canonical,2026-10-04,live HTTP and sitemap audit; intent role is editorial hypothesis,P1,h1=1; words~358; schema=WebPage|DefinedTerm|BreadcrumbList; sources=2; blog_links=0; glossary_links=3
https://proplogai.com/glossary/win-rate,glossary,Win Rate | PropLogAI Glossary,Performance Metrics,definition of win rate,win rate,definition,live,200,self canonical,2026-10-04,live HTTP and sitemap audit; intent role is editorial hypothesis,P1,h1=1; words~349; schema=WebPage|DefinedTerm|BreadcrumbList; sources=0; blog_links=1; glossary_links=3
https://proplogai.com/glossary/profit-factor,glossary,Profit Factor | PropLogAI Glossary,Performance Metrics,definition of profit factor,profit factor,definition,live,200,self canonical,2026-10-04,live HTTP and sitemap audit; intent role is editorial hypothesis,P1,h1=1; words~326; schema=WebPage|DefinedTerm|BreadcrumbList; sources=0; blog_links=1; glossary_links=3
https://proplogai.com/glossary/expectancy,glossary,Expectancy | PropLogAI Glossary,Performance Metrics,definition of expectancy,expectancy,definition,live,200,self canonical,2026-10-04,live HTTP and sitemap audit; intent role is editorial hypothesis,P2,h1=1; words~321; schema=WebPage|DefinedTerm|BreadcrumbList; sources=0; blog_links=2; glossary_links=3
https://proplogai.com/glossary/sharpe-ratio,glossary,Sharpe Ratio | PropLogAI Glossary,Performance Metrics,definition of sharpe ratio,sharpe ratio,definition,live,200,self canonical,2026-10-04,live HTTP and sitemap audit; intent role is editorial hypothesis,P2,h1=1; words~299; schema=WebPage|DefinedTerm|BreadcrumbList; sources=0; blog_links=1; glossary_links=3
https://proplogai.com/glossary/average-win-vs-average-loss,glossary,Average Win vs Average Loss | PropLogAI Glossary,Performance Metrics,definition of average win vs average loss,average win vs average loss,definition,live,200,self canonical,2026-10-04,live HTTP and sitemap audit; intent role is editorial hypothesis,P2,h1=1; words~349; schema=WebPage|DefinedTerm|BreadcrumbList; sources=0; blog_links=2; glossary_links=3
https://proplogai.com/glossary/equity-curve,glossary,Equity Curve | PropLogAI Glossary,Performance Metrics,definition of equity curve,equity curve,definition,live,200,self canonical,2026-10-04,live HTTP and sitemap audit; intent role is editorial hypothesis,P2,h1=1; words~287; schema=WebPage|DefinedTerm|BreadcrumbList; sources=0; blog_links=1; glossary_links=3
https://proplogai.com/glossary/trading-plan,glossary,Trading Plan | PropLogAI Glossary,Trading Discipline,definition of trading plan,trading plan,definition,live,200,self canonical,2026-10-04,live HTTP and sitemap audit; intent role is editorial hypothesis,P2,h1=1; words~327; schema=WebPage|DefinedTerm|BreadcrumbList; sources=0; blog_links=0; glossary_links=3
https://proplogai.com/glossary/setup-compliance,glossary,Setup Compliance | PropLogAI Glossary,Trading Discipline,definition of setup compliance,setup compliance,definition,live,200,self canonical,2026-10-04,live HTTP and sitemap audit; intent role is editorial hypothesis,P2,h1=1; words~345; schema=WebPage|DefinedTerm|BreadcrumbList; sources=0; blog_links=0; glossary_links=3
https://proplogai.com/glossary/overtrading,glossary,Overtrading | PropLogAI Glossary,Trading Discipline,definition of overtrading,overtrading,definition,live,200,self canonical,2026-10-04,live HTTP and sitemap audit; intent role is editorial hypothesis,P2,h1=1; words~689; schema=WebPage|DefinedTerm|BreadcrumbList; sources=0; blog_links=1; glossary_links=7
https://proplogai.com/glossary/pre-market-routine,glossary,Pre-Market Routine | PropLogAI Glossary,Trading Discipline,definition of pre market routine,pre market routine,definition,live,200,self canonical,2026-10-04,live HTTP and sitemap audit; intent role is editorial hypothesis,P2,h1=1; words~314; schema=WebPage|DefinedTerm|BreadcrumbList; sources=0; blog_links=0; glossary_links=3
https://proplogai.com/glossary/trade-management,glossary,Trade Management | PropLogAI Glossary,Trading Discipline,definition of trade management,trade management,definition,live,200,self canonical,2026-10-04,live HTTP and sitemap audit; intent role is editorial hypothesis,P2,h1=1; words~341; schema=WebPage|DefinedTerm|BreadcrumbList; sources=0; blog_links=0; glossary_links=3
https://proplogai.com/glossary/rule-based-trading,glossary,Rule-Based Trading | PropLogAI Glossary,Trading Discipline,definition of rule based trading,rule based trading,definition,live,200,self canonical,2026-10-04,live HTTP and sitemap audit; intent role is editorial hypothesis,P2,h1=1; words~346; schema=WebPage|DefinedTerm|BreadcrumbList; sources=0; blog_links=0; glossary_links=3
https://proplogai.com/glossary/prop-firm-challenge,glossary,Prop Firm Challenge | PropLogAI Glossary,Prop Firm,definition of prop firm challenge,prop firm challenge,definition,live,200,self canonical,2026-10-04,live HTTP and sitemap audit; intent role is editorial hypothesis,P1,h1=1; words~381; schema=WebPage|DefinedTerm|BreadcrumbList; sources=2; blog_links=1; glossary_links=3
https://proplogai.com/glossary/funded-account,glossary,Funded Account | PropLogAI Glossary,Prop Firm,definition of funded account,funded account,definition,live,200,self canonical,2026-10-04,live HTTP and sitemap audit; intent role is editorial hypothesis,P1,h1=1; words~410; schema=WebPage|DefinedTerm|BreadcrumbList; sources=2; blog_links=3; glossary_links=3
https://proplogai.com/glossary/overall-drawdown-limit,glossary,Overall Drawdown Limit | PropLogAI Glossary,Prop Firm,definition of overall drawdown limit,overall drawdown limit,definition,live,200,self canonical,2026-10-04,live HTTP and sitemap audit; intent role is editorial hypothesis,P1,h1=1; words~415; schema=WebPage|DefinedTerm|BreadcrumbList; sources=3; blog_links=2; glossary_links=3
https://proplogai.com/glossary/profit-target,glossary,Profit Target | PropLogAI Glossary,Prop Firm,definition of profit target,profit target,definition,live,200,self canonical,2026-10-04,live HTTP and sitemap audit; intent role is editorial hypothesis,P1,h1=1; words~342; schema=WebPage|DefinedTerm|BreadcrumbList; sources=2; blog_links=0; glossary_links=3
https://proplogai.com/glossary/consistency-rule,glossary,Consistency Rule | PropLogAI Glossary,Prop Firm,definition of consistency rule,consistency rule,definition,live,200,self canonical,2026-10-04,live HTTP and sitemap audit; intent role is editorial hypothesis,P1,h1=1; words~1022; schema=WebPage|DefinedTerm|BreadcrumbList; sources=6; blog_links=3; glossary_links=3
https://proplogai.com/glossary/daily-drawdown-limit,glossary,Daily Drawdown Limit | PropLogAI Glossary,Risk Management,definition of daily drawdown limit,daily drawdown limit,definition,live,200,self canonical,2026-10-04,live HTTP and sitemap audit; intent role is editorial hypothesis,P1,h1=1; words~533; schema=WebPage|DefinedTerm|BreadcrumbList; sources=4; blog_links=2; glossary_links=3
https://proplogai.com/glossary/trading-journal,glossary,Trading Journal | PropLogAI Glossary,Journal and Analysis,definition of trading journal,trading journal,definition,live,200,self canonical,2026-10-04,live HTTP and sitemap audit; intent role is editorial hypothesis,P2,h1=1; words~547; schema=WebPage|DefinedTerm|BreadcrumbList; sources=0; blog_links=2; glossary_links=4
https://proplogai.com/glossary/trade-review,glossary,Trade Review | PropLogAI Glossary,Journal and Analysis,definition of trade review,trade review,definition,live,200,self canonical,2026-10-04,live HTTP and sitemap audit; intent role is editorial hypothesis,P2,h1=1; words~303; schema=WebPage|DefinedTerm|BreadcrumbList; sources=0; blog_links=0; glossary_links=3
https://proplogai.com/glossary/emotion-tracking,glossary,Emotion Tracking | PropLogAI Glossary,Journal and Analysis,definition of emotion tracking,emotion tracking,definition,live,200,self canonical,2026-10-04,live HTTP and sitemap audit; intent role is editorial hypothesis,P2,h1=1; words~381; schema=WebPage|DefinedTerm|BreadcrumbList; sources=0; blog_links=1; glossary_links=3
https://proplogai.com/glossary/pattern-recognition,glossary,Pattern Recognition | PropLogAI Glossary,Journal and Analysis,definition of pattern recognition,pattern recognition,definition,live,200,self canonical,2026-10-04,live HTTP and sitemap audit; intent role is editorial hypothesis,P2,h1=1; words~319; schema=WebPage|DefinedTerm|BreadcrumbList; sources=0; blog_links=0; glossary_links=3
https://proplogai.com/glossary/performance-report,glossary,Performance Report | PropLogAI Glossary,Journal and Analysis,definition of performance report,performance report,definition,live,200,self canonical,2026-10-04,live HTTP and sitemap audit; intent role is editorial hypothesis,P2,h1=1; words~314; schema=WebPage|DefinedTerm|BreadcrumbList; sources=0; blog_links=1; glossary_links=3
https://proplogai.com/glossary/ai-trading-coach,glossary,AI Trading Coach | PropLogAI Glossary,Journal and Analysis,definition of ai trading coach,ai trading coach,definition,live,200,self canonical,2026-10-04,live HTTP and sitemap audit; intent role is editorial hypothesis,P2,h1=1; words~338; schema=WebPage|DefinedTerm|BreadcrumbList; sources=0; blog_links=0; glossary_links=3
