"priority","url","content_type","issue","evidence","recommended_action","owner","status","last_checked"
"P1","sitewide:content","blog_and_glossary","No external source links","J0 crawl found 22 blog and 25 glossary pages without rendered external source links; sensitive claims use registers, but page-level sourcing remains incomplete.","Prioritize sources when each legacy page is substantively refreshed; do not add decorative links.","Editorial and fact check","Open - source policy implemented; page-level gaps remain","2026-10-04"
"P1","sitewide:blogs","blog","Duplicate H1 template","J0 crawl found exactly one H1 on all 66 sitemap URLs.","Keep one H1 and retest every article","Web engineering","Resolved and production verified","2026-10-04"
"P1","https://proplogai.com/glossary/sitemap.xml","glossary_sitemap","Duplicate canonical term URL","J0 found 66 unique sitemap records and zero duplicate URLs; daily-drawdown-limit appears once.","Choose one canonical label and emit one sitemap record","SEO and web engineering","Resolved and production verified","2026-10-04"
"P1","sitewide:content","blog_and_glossary","Inconsistent product name","J0 rendered-text crawl found zero Propol AI and zero PropLog AI legacy spellings.","Normalize to PropLogAI and add automated lint rule","Editorial and web engineering","Resolved and production verified","2026-10-04"
"P1","sitewide:content","blog_and_glossary","No structured data","J0 found structured data on all 66 sitemap URLs; build validators confirm required type coverage.","Add BlogPosting or Article DefinedTerm and BreadcrumbList schema","Web engineering and SEO","Resolved and production verified","2026-10-04"
"P1","sitewide:content","blog_and_glossary","No date signals","J0 found a published, modified, or visible time value on every blog and glossary content URL.","Add honest published and updated dates without fabricating history","Editorial and web engineering","Resolved and production verified","2026-10-04"
"P1","sitewide:content","blog_and_glossary","No cross-type internal links","J0 verified the approved cluster links live and found no broken internal links; 15 legacy blogs still have no glossary link and 17 legacy glossary terms still have no blog link.","Add only relevant cross-type links during each legacy-page refresh.","SEO editor","Partially resolved - approved clusters production verified","2026-10-04"
"P1","https://proplogai.com/glossary/daily-drawdown-limit","glossary","Universal firm-rule claims","J0 verified the revised firm-specific daily-drawdown definition, current source labels, canonical, schema, and live links.","Rewrite around firm-specific methods with dated first-party examples","Fact check and editorial","Resolved and production verified","2026-10-04"
"P1","https://proplogai.com/glossary/funded-account","glossary","Overstates real-capital model","J0 verified the revised simulated-versus-live account explanation and current named source labels.","Distinguish simulated and live structures and remove universal ranges","Fact check and editorial","Resolved and production verified","2026-10-04"
"P1","https://proplogai.com/glossary/prop-firm-challenge","glossary","Universal challenge structure","J0 verified the variation-first challenge definition and named examples in production.","Replace with variation-first definition and named dated examples","Fact check and editorial","Resolved and production verified","2026-10-04"
"P1","https://proplogai.com/glossary/consistency-rule","glossary","Prescriptive and universal wording","J0 verified the approved consistency definition, formula variants, source labels, visuals, and cluster links.","Explain formula variants and require named firm sources","Fact check and editorial","Resolved and production verified","2026-10-04"
"P1","sitewide:high-risk-glossary","glossary","Unsupported benchmarks","J1 removed the 30-50% FOMO drawdown-cost claim, corrected the position-sizing arithmetic, and removed the universal 1-2% instruction in approved local revisions.","Hold both approved revisions locally until the grouped release is authorized.","Fact check and editorial","Human-approved local revision","2026-10-05"
"P1","https://proplogai.com/blogs/how-emotions-affect-trading-decisions","blog","Sensational overlapping legacy page","Neutral replacement is live; legacy URL returns 308 to the approved canonical.","Migrate to neutral decision-effect intent with permanent redirect","SEO editor and editorial","Resolved and production verified","2026-10-04"
"P1","https://proplogai.com/blogs/trading-journal-benefits","blog","Overlapping legacy journal page","Consolidated pillar is live; legacy URL returns 308 and is absent from the sitemap.","Consolidate unique value into prop-firm-trading-journal and propose redirect","SEO editor and editorial","Resolved and production verified","2026-10-04"
"P1","https://proplogai.com/blogs/prop-firm-expense-tracking-guide","blog","Prescriptive legacy expense page","Approved record-keeping guide and USD expense form are live at the retained canonical URL.","Keep and refresh for record-keeping intent separate from ROI calculator","Editorial and fact check","Resolved and production verified","2026-10-04"
"P2","sitewide:metadata","blog_and_glossary","Metadata length outliers","J0 parser-corrected crawl found 24 titles over 60 characters, 8 descriptions under 120, and 6 descriptions over 160 across content pages.","Rewrite around intent and inspect rendered search snippets","SEO editor","Open - refreshed baseline","2026-10-04"
"P2","sitewide:product-claims","blog","Product feature claims lack claim register","Product and source registers exist, but legacy product-feature wording still requires systematic claim-to-source mapping.","Create approved product claim register with owner source and checked date","Product owner and editorial","Open","2026-10-04"
"P1","https://proplogai.com/glossary/drawdown","glossary","Performance drawdown confused with prop-firm rule breach","J0 verified the revised definition, USD worked example, handwritten learning note, and rule-specific links.","Rewrite with a worked USD example and route readers to the rule-specific definitions","Fact check and editorial","Resolved and production verified","2026-10-04"
"","https://proplogai.com/blogs/revenge-trading-prop-firm","blog","Generic legacy revenge-trading explanation and unsupported universal rules","J0 verified the approved XAUUSD plan-based interruption workflow, visuals, canonical, and links.","Keep URL and replace with a plan-based XAUUSD interruption workflow","SEO editor and editorial","Resolved and production verified","2026-10-04"
"","https://proplogai.com/glossary/revenge-trading","glossary","Confusing and unsupported definition","J0 verified the observable plan-change definition, XAUUSD example, safe product limits, and linked guide.","Use an observable plan-change definition, simple XAUUSD example, and safe product limits","Fact check and editorial","Resolved and production verified","2026-10-04"
"P1","https://proplogai.com/glossary/fomo","glossary","Unsupported FOMO drawdown-cost benchmark","The unsupported percentage, invented win rates, and universal outcome claims are removed in the human-approved local J1 revision.","Hold the approved revision locally until the grouped release is authorized.","Editorial and fact check","Human-approved local revision","2026-10-05"
"P1","https://proplogai.com/glossary/position-sizing","glossary","Universal position-sizing instruction","The wrong EURUSD arithmetic and universal 1-2% instruction are replaced in the human-approved local J1 revision with a formula-first fictional XAUUSD example.","Hold the approved revision locally until the grouped release is authorized.","Editorial and fact check","Human-approved local revision","2026-10-05"
