"item_id","title","url","content_status","canonical_url","category","primary_keyword","supporting_keywords","search_intent","content_role","topic_cluster","pillar_url","pillar_status","paired_content_urls","keyword_evidence","keyword_market","market_tier","market_rationale","keyword_volume","keyword_sd","keyword_cpc_usd","keyword_checked_on","canonical_action","gsc_market","gsc_top_query","gsc_clicks_period","gsc_impressions_period","gsc_ctr_percent_period","gsc_avg_position_period","gsc_period","priority","last_content_review","last_gsc_refresh","notes"
"proplogai-live-blog-blogs","Blog | PropLogAI Blog","https://proplogai.com/blogs","live","https://proplogai.com/blogs","Navigation","PropLogAI blog","trading journal articles | prop firm trader education","Navigational","Index","Portfolio Navigation","https://proplogai.com/blogs","Current","https://proplogai.com/glossary","Editorial hypothesis","India / English","Primary","PropLogAI's primary audience is India.","","","","2026-09-24","Keep","","","","","","","","P1","2026-09-24","","Blog discovery index. India is the primary market; earlier US keyword and global GSC data are historical evidence only."
"proplogai-live-blog-ai-journal-pattern-detection","How an AI Trading Coach Finds Patterns in Your Journal Data | PropLogAI Blog","https://proplogai.com/blogs/ai-journal-pattern-detection","live","https://proplogai.com/blogs/ai-journal-pattern-detection","AI Coaching","AI trading journal analysis","trading pattern recognition | AI journal patterns | journal data analysis","Informational","Cluster support","AI Coaching and Journal Analytics","https://proplogai.com/blogs/ai-trading-coach-prop-firm","Current","https://proplogai.com/glossary/pattern-recognition | https://proplogai.com/glossary/performance-report","Editorial hypothesis","India / English","Primary","PropLogAI's primary audience is India.","","","","2026-09-24","Keep","","","","","","","","P2","2026-09-24","","Explain journal-data pattern review. India is the primary market; earlier US keyword and global GSC data are historical evidence only."
"proplogai-live-blog-ai-trading-coach-prop-firm","AI Trading Coach for Prop Firm Traders: What It Should and Should Not Do | PropLogAI Blog","https://proplogai.com/blogs/ai-trading-coach-prop-firm","live","https://proplogai.com/blogs/ai-trading-coach-prop-firm","AI Coaching","AI trading coach for prop firm traders","AI journal coach | trading discipline AI | journal analysis coach","Commercial informational","Pillar","AI Coaching and Journal Analytics","https://proplogai.com/blogs/ai-trading-coach-prop-firm","Current","https://proplogai.com/glossary/ai-trading-coach | https://proplogai.com/glossary/pattern-recognition","Editorial hypothesis","India / English","Primary","PropLogAI's primary audience is India.","","","","2026-09-24","Keep","","","","","","","","P1","2026-09-24","","Current AI coaching pillar. India is the primary market; earlier US keyword and global GSC data are historical evidence only."
"proplogai-live-blog-ai-trading-discipline","How to Use AI to Improve Trading Discipline Without Taking Trading Advice | PropLogAI Blog","https://proplogai.com/blogs/ai-trading-discipline","live","https://proplogai.com/blogs/ai-trading-discipline","AI Coaching","AI trading discipline","AI trading coach discipline | journal based trading feedback | AI rule adherence review","Informational","Cluster support","AI Coaching and Journal Analytics","https://proplogai.com/blogs/ai-trading-coach-prop-firm","Current","https://proplogai.com/glossary/ai-trading-coach | https://proplogai.com/glossary/setup-compliance","Editorial hypothesis","India / English","Primary","PropLogAI's primary audience is India.","","","","2026-09-24","Keep","","","","","","","","P2","2026-09-24","","Keep the advice boundary explicit. India is the primary market; earlier US keyword and global GSC data are historical evidence only."
"proplogai-2026-09-25-daily-drawdown-calculator","Daily Drawdown Calculator: Check Your Prop Firm Buffer","https://proplogai.com/blogs/daily-drawdown-calculator","live","https://proplogai.com/blogs/daily-drawdown-calculator","Risk Management","daily drawdown calculator","prop firm drawdown calculator | daily loss limit calculator | calculate daily drawdown","Informational utility","Utility guide","Risk and Drawdown","https://proplogai.com/blogs/prop-firm-risk-management","Current","https://proplogai.com/glossary/daily-drawdown-limit | https://proplogai.com/glossary/drawdown","Editorial hypothesis","India / English","Primary","PropLogAI's primary audience is India.","","","","2026-09-25","Refresh","","","","","","","","P1","2026-09-25","","Existing URL retained. H5 local revision replaces the broad formula and unsupported live-tracking claim with an official-floor calculator. India seed evidence supports the prop-firm drawdown cluster; exact primary-keyword India volume is unmeasured."
"proplogai-live-blog-forex-journal-funded-accounts","How to Keep a Forex Trading Journal for Funded Accounts | PropLogAI Blog","https://proplogai.com/blogs/forex-journal-funded-accounts","live","https://proplogai.com/blogs/forex-journal-funded-accounts","Journaling","trading journal for funded accounts","forex trading journal | funded trader journal | prop firm account journal","Informational","Cluster support","Trading Journaling and Reviews","https://proplogai.com/blogs/prop-firm-trading-journal","Current","https://proplogai.com/glossary/trading-journal | https://proplogai.com/glossary/trade-review","GSC India","India / English","Primary","PropLogAI's primary audience is India.","","","","2026-09-24","Narrow","India","prop firm trading journal","0","2","0%","73.5","2026-07-06/2026-09-17","P1","2026-09-24","2026-09-24","Differentiate funded-account workflow from the pillar. India is the primary market; earlier US keyword and global GSC data are historical evidence only."
"proplogai-live-blog-forex-trading-for-beginners","Forex Trading for Beginners: What to Learn Before Taking a Prop Firm Challenge | PropLogAI Blog","https://proplogai.com/blogs/forex-trading-for-beginners","live","https://proplogai.com/blogs/forex-trading-for-beginners","Prop Firm Rules","forex trading for beginners","prop firm challenge for beginners | learn forex before prop firm | forex basics for evaluation","Informational","Cluster support","Prop Firm Rules and Readiness","https://proplogai.com/blogs/prop-firm-challenge-readiness","Interim","https://proplogai.com/glossary/prop-firm-challenge | https://proplogai.com/glossary/trading-plan","Editorial hypothesis","India / English","Primary","PropLogAI's primary audience is India.","","","","2026-09-24","Keep","","","","","","","","P2","2026-09-24","","Beginner learning path before readiness. India is the primary market; earlier US keyword and global GSC data are historical evidence only."
"proplogai-live-blog-monthly-trading-review-template","Monthly Trading Review Template for Prop Firm Traders | PropLogAI Blog","https://proplogai.com/blogs/monthly-trading-review-template","live","https://proplogai.com/blogs/monthly-trading-review-template","Journaling","monthly trading review template","monthly trading journal review | prop firm monthly review | monthly performance review","Informational template","Template","Trading Journaling and Reviews","https://proplogai.com/blogs/prop-firm-trading-journal","Current","https://proplogai.com/glossary/trade-review | https://proplogai.com/glossary/performance-report","Editorial hypothesis","India / English","Primary","PropLogAI's primary audience is India.","","","","2026-09-24","Keep","","","","","","","","P2","2026-09-24","","Monthly review workflow support. India is the primary market; earlier US keyword and global GSC data are historical evidence only."
"proplogai-live-blog-overtrading-prop-firm-challenges","Overtrading in Prop Firm Challenges: Causes, Signs, and Fixes | PropLogAI Blog","https://proplogai.com/blogs/overtrading-prop-firm-challenges","live","https://proplogai.com/blogs/overtrading-prop-firm-challenges","Discipline","overtrading in prop firm challenges","how to avoid overtrading | overtrading causes | stop overtrading workflow","Informational","Cluster support","Trading Discipline and Rulebooks","https://proplogai.com/blogs/trading-discipline-prop-firm","Current","https://proplogai.com/glossary/overtrading | https://proplogai.com/glossary/prop-firm-challenge | https://proplogai.com/glossary/setup-compliance | https://proplogai.com/glossary/trade-review | https://proplogai.com/glossary/revenge-trading | https://proplogai.com/glossary/fomo | https://proplogai.com/blogs/trading-journal-template","GSC India","India / English","Primary","PropLogAI's primary audience is India.","","","","2026-09-25","Refresh","","","","","","","","P1","2026-09-25","2026-09-25","Application guide supporting the glossary definition owner. Batch H2 refresh is in Human Review; no production change yet. India is primary, with USD used for forex and prop-firm amounts."
"proplogai-live-blog-prop-firm-challenge-readiness","How to Know If You Are Ready for a Prop Firm Challenge | PropLogAI Blog","https://proplogai.com/blogs/prop-firm-challenge-readiness","live","https://proplogai.com/blogs/prop-firm-challenge-readiness","Prop Firm Rules","prop firm challenge readiness","ready for prop firm challenge | prop firm evaluation checklist | challenge preparation","Informational checklist","Interim pillar","Prop Firm Rules and Readiness","https://proplogai.com/blogs/prop-firm-challenge-readiness","Interim","https://proplogai.com/glossary/prop-firm-challenge | https://proplogai.com/glossary/funded-account","Editorial hypothesis","India / English","Primary","PropLogAI's primary audience is India.","","","","2026-09-24","Keep and narrow","","","","","","","","P1","2026-09-24","","Interim pillar until the rules guide exists. India is the primary market; earlier US keyword and global GSC data are historical evidence only."
"proplogai-2026-09-29-prop-firm-consistency-calculator","Consistency Rule Calculator for Prop Firm Traders","https://proplogai.com/blogs/prop-firm-consistency-calculator","Approved to Publish","https://proplogai.com/blogs/prop-firm-consistency-calculator","Prop Firm Rules","consistency rule calculator","prop firm consistency calculator | prop firm consistency rule | calculate consistency rule","Informational utility","Utility guide","Prop Firm Rules and Readiness","https://proplogai.com/blogs/prop-firm-challenge-readiness","Interim","https://proplogai.com/glossary/consistency-rule | https://proplogai.com/glossary/profit-target","GSC India + current search review","India / English","Primary","PropLogAI's primary audience is India.","1300","11","1.61","2026-09-29","Refresh","India","consistency calculator","0","2","0%","47.5","2026-07-06/2026-09-17","P1","2026-09-29","2026-09-24","Batch I1 keeps the indexed URL, aligns the title to current India demand, separates guide/utility/definition ownership, removes payout-ready and forced-trading language, and limits the formula to best day divided by total net profit."
"proplogai-2026-09-25-prop-firm-expense-tracking-guide","Prop Firm Expense Tracking: What to Record and Review","https://proplogai.com/blogs/prop-firm-expense-tracking-guide","Approved to Publish","https://proplogai.com/blogs/prop-firm-expense-tracking-guide","Costs and Payouts","prop firm expense tracking","prop firm fees | challenge cost tracking | prop firm expense records","Informational record-keeping guide","Pillar","Prop Firm Costs, Payouts, and ROI","https://proplogai.com/blogs/prop-firm-expense-tracking-guide","Current","https://proplogai.com/glossary/funded-account | https://proplogai.com/blogs/prop-firm-roi-calculator","Editorial hypothesis","India / English","Primary","PropLogAI's primary audience is India.","","","","2026-09-25","Refresh","","","","","","","","P1","2026-09-25","2026-09-25","Expense-record pillar refreshed locally for Human Review. Fresh global GSC page evidence: 18 impressions at position 15; India page filter returned no impressions. ROI calculations remain with the calculator guide."
"proplogai-live-blog-prop-firm-pnl-calendar","P&L Calendar for Traders: Spot Revenge Days and Losing Streaks | PropLogAI Blog","https://proplogai.com/blogs/prop-firm-pnl-calendar","live","https://proplogai.com/blogs/prop-firm-pnl-calendar","Journaling","trading P and L calendar","profit and loss calendar | trading calendar review | losing streak tracker","Informational utility","Tool guide","Trading Journaling and Reviews","https://proplogai.com/blogs/prop-firm-trading-journal","Current","https://proplogai.com/glossary/performance-report | https://proplogai.com/glossary/equity-curve","Editorial hypothesis","India / English","Primary","PropLogAI's primary audience is India.","","","","2026-09-24","Keep","","","","","","","","P2","2026-09-24","","Calendar-based review workflow. India is the primary market; earlier US keyword and global GSC data are historical evidence only."
"proplogai-live-blog-prop-firm-risk-management","What Is Risk Management in Forex Trading? | PropLogAI Blog","https://proplogai.com/blogs/prop-firm-risk-management","live","https://proplogai.com/blogs/prop-firm-risk-management","Risk Management","forex risk management","prop firm risk management | risk management in trading | drawdown risk controls","Informational","Pillar","Risk and Drawdown","https://proplogai.com/blogs/prop-firm-risk-management","Current","https://proplogai.com/glossary/risk-per-trade | https://proplogai.com/glossary/drawdown | https://proplogai.com/glossary/position-sizing","Editorial hypothesis","India / English","Primary","PropLogAI's primary audience is India.","","","","2026-09-24","Refresh","","","","","","","","P1","2026-09-25","","Current risk pillar. H5 adds descriptive links to the daily and overall limit definitions and daily drawdown calculator; full pillar rewrite remains a later batch."
"proplogai-live-blog-prop-firm-roi-calculator","Prop Firm ROI Calculator: Fees, Payouts, and Failed Challenges | PropLogAI Blog","https://proplogai.com/blogs/prop-firm-roi-calculator","live","https://proplogai.com/blogs/prop-firm-roi-calculator","Costs and Payouts","prop firm ROI calculator","prop firm cost calculator | challenge fee ROI | funded account ROI","Informational utility","Utility guide","Prop Firm Costs Payouts and ROI","https://proplogai.com/blogs/prop-firm-expense-tracking-guide","Current","https://proplogai.com/glossary/funded-account | https://proplogai.com/glossary/profit-target","Editorial hypothesis","India / English","Primary","PropLogAI's primary audience is India.","","","","2026-09-24","Keep","","","","","","","","P2","2026-09-24","","Use explicit cost and payout assumptions. India is the primary market; earlier US keyword and global GSC data are historical evidence only."
"proplogai-2026-10-01-prop-firm-trading-journal","Prop Firm Trading Journal: What to Track and How to Review It","https://proplogai.com/blogs/prop-firm-trading-journal","draft","https://proplogai.com/blogs/prop-firm-trading-journal","Journaling","prop firm trading journal","trading journal | forex trading journal | how to keep a trading journal | trading journal workflow | trading journal benefits","Informational","Pillar","Trading Journaling and Reviews","https://proplogai.com/blogs/prop-firm-trading-journal","Current","https://proplogai.com/glossary/trading-journal | https://proplogai.com/glossary/trade-review","GSC India","India / English","Primary","Semrush India supports broader journal terms while GSC connects the prop-firm phrase to this cluster.","","","","2026-10-01","Strengthen and consolidate locally","","","","","","","","P1","2026-10-02","2026-10-01","I3 revision 1 was human-approved locally on 2026-10-02 with progressive handwritten visuals. Benefits content consolidated; production remains unchanged."
"proplogai-live-blog-prop-firm-trading-rulebook","How to Create a Trading Rulebook You Actually Follow | PropLogAI Blog","https://proplogai.com/blogs/prop-firm-trading-rulebook","live","https://proplogai.com/blogs/prop-firm-trading-rulebook","Discipline","trading rulebook","prop firm trading rules | written trading rules | trading rulebook template","Informational","Cluster support","Trading Discipline and Rulebooks","https://proplogai.com/blogs/trading-discipline-prop-firm","Current","https://proplogai.com/glossary/trading-plan | https://proplogai.com/glossary/rule-based-trading","Editorial hypothesis","India / English","Primary","PropLogAI's primary audience is India.","","","","2026-09-24","Keep","","","","","","","","P2","2026-09-24","","Rulebook creation workflow. India is the primary market; earlier US keyword and global GSC data are historical evidence only."
"proplogai-2026-10-04-revenge-trading-prop-firm","How to Stop Revenge Trading After a Loss","https://proplogai.com/blogs/revenge-trading-prop-firm","Approved to Publish","https://proplogai.com/blogs/revenge-trading-prop-firm","Trading Psychology","how to stop revenge trading","app to stop revenge trading | revenge trading cycle | revenge trading after a loss | post-loss routine","Informational practical workflow","Cluster support","Trading Psychology and Emotions","https://proplogai.com/blogs/trading-psychology-prop-firm","Current","https://proplogai.com/glossary/revenge-trading | https://proplogai.com/glossary/tilt | https://proplogai.com/glossary/overtrading","Current search review","India / English","Primary","PropLogAI's primary audience is India. Property-wide GSC supports URL ownership and query wording but does not measure India demand; forex and prop-firm examples remain in USD.","","","","2026-10-04","Refresh","","","","","","","","P2","2026-10-04","2026-10-04","Batch I8 revision 1 was approved by Vicky on 2026-10-04. Property-wide GSC showed 11 impressions for 'app to stop revenge trading' and supports ownership, not India demand. Existing URL retained; production remains unchanged."
"proplogai-live-blog-tracking-trading-emotions","How to Track Trading Emotions Without Turning Your Journal Into a Diary | PropLogAI Blog","https://proplogai.com/blogs/tracking-trading-emotions","live","https://proplogai.com/blogs/tracking-trading-emotions","Psychology","how to track trading emotions","trading emotion journal | emotion tracking template | journal trading psychology","Informational","Cluster support","Trading Psychology and Emotions","https://proplogai.com/blogs/trading-psychology-prop-firm","Current","https://proplogai.com/glossary/emotion-tracking | https://proplogai.com/glossary/fomo","Editorial hypothesis","India / English","Primary","PropLogAI's primary audience is India.","","","","2026-09-24","Keep","","","","","","","","P2","2026-09-24","","Emotion logging workflow. India is the primary market; earlier US keyword and global GSC data are historical evidence only."
"proplogai-live-blog-trading-discipline-prop-firm","Trading Discipline for Prop Firm Traders: A Practical System | PropLogAI Blog","https://proplogai.com/blogs/trading-discipline-prop-firm","live","https://proplogai.com/blogs/trading-discipline-prop-firm","Discipline","trading discipline","trading discipline for prop firm traders | trading rule adherence | disciplined trading system","Informational","Pillar","Trading Discipline and Rulebooks","https://proplogai.com/blogs/trading-discipline-prop-firm","Current","https://proplogai.com/glossary/setup-compliance | https://proplogai.com/glossary/rule-based-trading","Current search review","India / English","Primary","PropLogAI's primary audience is India.","720","41","0.01","2026-09-24","Keep and strengthen","","","","","","","","P1","2026-09-24","","Current discipline pillar. India is the primary market; earlier US keyword and global GSC data are historical evidence only."
"proplogai-2026-09-25-how-emotions-affect-trading-decisions","How Emotions Affect Trading Decisions: A Practical Review","https://proplogai.com/blogs/how-emotions-affect-trading-decisions","draft","https://proplogai.com/blogs/how-emotions-affect-trading-decisions","Trading Psychology","how emotions affect trading decisions","emotions in trading | emotional trading decisions | trading emotion mistakes","Informational decision-review guide","Cluster support","Trading Psychology and Emotions","https://proplogai.com/blogs/trading-psychology-prop-firm","Current","https://proplogai.com/blogs/trading-psychology-prop-firm | https://proplogai.com/blogs/tracking-trading-emotions | https://proplogai.com/glossary/emotion-tracking","Current search review","India / English","Primary","PropLogAI's primary audience is India. Current India-qualified search review supports the decision-effect intent; current page-level India GSC data is zero.","","","","2026-09-25","Migrate URL","","","","","","","","P1","2026-09-25","2026-09-25","Legacy page had 1 global impression at position 10 and zero India impressions. Prepared locally for URL migration with permanent redirect; psychology pillar and emotion-logging guide retain their intents."
"proplogai-live-blog-trading-journal-benefits","Why Every Trader Needs a Trading Journal (And How to Actually Use One) | PropLogAI Blog","https://proplogai.com/blogs/trading-journal-benefits","live","https://proplogai.com/blogs/trading-journal-benefits","Journaling","trading journal benefits","why keep a trading journal | benefits of trade journaling | trading journal importance","Informational","Consolidation candidate","Trading Journaling and Reviews","https://proplogai.com/blogs/prop-firm-trading-journal","Current","https://proplogai.com/glossary/trading-journal | https://proplogai.com/glossary/trade-review","Editorial hypothesis","India / English","Primary","PropLogAI's primary audience is India.","","","","2026-09-24","Permanent redirect prepared locally","","","","","","","","P1","2026-10-02","2026-10-01","Removed from the local generated collection after useful material was consolidated into the pillar. Production page and redirect remain unchanged until release approval."
"proplogai-live-blog-trading-journal-fields","Trading Journal Fields Every Prop Firm Trader Should Track | PropLogAI Blog","https://proplogai.com/blogs/trading-journal-fields","live","https://proplogai.com/blogs/trading-journal-fields","Journaling","trading journal fields","what to track in trading journal | trading journal columns | prop firm journal checklist","Informational checklist","Cluster support","Trading Journaling and Reviews","https://proplogai.com/blogs/prop-firm-trading-journal","Current","https://proplogai.com/glossary/trading-journal | https://proplogai.com/glossary/setup-compliance","Editorial hypothesis","India / English","Primary","PropLogAI's primary audience is India.","","","","2026-09-24","Keep","","","","","","","","P2","2026-09-24","","Own the field-selection intent. India is the primary market; earlier US keyword and global GSC data are historical evidence only."
"proplogai-2026-09-24-trading-journal-template","Trading Journal Template for Prop Firm Traders","https://proplogai.com/blogs/trading-journal-template","live","https://proplogai.com/blogs/trading-journal-template","Journaling","trading journal template","trading journal template excel | trading journal excel free download india | trading journal template google sheets | trading journal examples","Informational template","Template","Trading Journaling and Reviews","https://proplogai.com/blogs/prop-firm-trading-journal","Current","https://proplogai.com/glossary/trading-journal | https://proplogai.com/blogs/trading-journal-fields","Current search review","India / English","Primary","PropLogAI's primary audience is India.","480","20","0","2026-09-24","create","","","","","","","","P1","2026-09-24","2026-09-25","Revision 5 is live and appeared as a Google site-query result on 2026-09-25. This confirms indexing, not keyword ranking or traffic performance."
"proplogai-live-blog-trading-psychology-prop-firm","Trading Psychology for Prop Firm Traders: Why Your Mind Breaks the Rules | PropLogAI Blog","https://proplogai.com/blogs/trading-psychology-prop-firm","live","https://proplogai.com/blogs/trading-psychology-prop-firm","Psychology","trading psychology","trading psychology for prop firm traders | trading emotions | trader behaviour","Informational","Pillar","Trading Psychology and Emotions","https://proplogai.com/blogs/trading-psychology-prop-firm","Current","https://proplogai.com/glossary/emotion-tracking | https://proplogai.com/glossary/loss-aversion","Current search review","India / English","Primary","PropLogAI's primary audience is India.","2900","38","0.05","2026-09-24","Keep and strengthen","","","","","","","","P1","2026-09-24","","Current psychology pillar. India is the primary market; earlier US keyword and global GSC data are historical evidence only."
"proplogai-live-blog-weekly-trading-review-template","Weekly Trading Review Template for Forex Traders | PropLogAI Blog","https://proplogai.com/blogs/weekly-trading-review-template","live","https://proplogai.com/blogs/weekly-trading-review-template","Journaling","weekly trading review template","weekly trading journal review | forex weekly review | prop firm weekly review","Informational template","Template","Trading Journaling and Reviews","https://proplogai.com/blogs/prop-firm-trading-journal","Current","https://proplogai.com/glossary/trade-review | https://proplogai.com/glossary/performance-report","Editorial hypothesis","India / English","Primary","PropLogAI's primary audience is India.","","","","2026-09-24","Keep","","","","","","","","P2","2026-09-24","","Weekly review workflow support. India is the primary market; earlier US keyword and global GSC data are historical evidence only."
"proplogai-live-glossary-glossary","Trading Glossary | PropLogAI Glossary","https://proplogai.com/glossary","live","https://proplogai.com/glossary","Navigation","PropLogAI trading glossary","prop firm glossary | trading terms | trading journal definitions","Navigational","Index","Portfolio Navigation","https://proplogai.com/glossary","Current","https://proplogai.com/blogs","Editorial hypothesis","India / English","Primary","PropLogAI's primary audience is India.","","","","2026-09-24","Keep","","","","","","","","P1","2026-09-24","","Glossary discovery index. India is the primary market; earlier US keyword and global GSC data are historical evidence only."
"proplogai-live-glossary-ai-trading-coach","AI Trading Coach | PropLogAI Glossary","https://proplogai.com/glossary/ai-trading-coach","live","https://proplogai.com/glossary/ai-trading-coach","AI Coaching","AI trading coach","AI trading journal coach | trading AI assistant | journal analysis AI","Definition","Definition","AI Coaching and Journal Analytics","https://proplogai.com/blogs/ai-trading-coach-prop-firm","Current","https://proplogai.com/blogs/ai-trading-discipline","Editorial hypothesis","India / English","Primary","PropLogAI's primary audience is India.","","","","2026-09-24","Keep","","","","","","","","P2","2026-09-24","","Define product category without signal claims. India is the primary market; earlier US keyword and global GSC data are historical evidence only."
"proplogai-live-glossary-average-win-vs-average-loss","Average Win vs Average Loss | PropLogAI Glossary","https://proplogai.com/glossary/average-win-vs-average-loss","live","https://proplogai.com/glossary/average-win-vs-average-loss","Performance Analytics","average win vs average loss","average winner vs average loser | average trade result | payoff ratio trading","Definition","Definition","Trading Performance Metrics","https://proplogai.com/blogs/trading-performance-metrics","Planned","https://proplogai.com/glossary/expectancy | https://proplogai.com/glossary/profit-factor","Editorial hypothesis","India / English","Primary","PropLogAI's primary audience is India.","","","","2026-09-24","Keep","","","","","","","","P2","2026-09-24","","Formula relationship owner. India is the primary market; earlier US keyword and global GSC data are historical evidence only."
"proplogai-live-glossary-confirmation-bias","Confirmation Bias | PropLogAI Glossary","https://proplogai.com/glossary/confirmation-bias","live","https://proplogai.com/glossary/confirmation-bias","Psychology","confirmation bias in trading","trading confirmation bias | confirmation bias example | cognitive bias trading","Definition","Definition","Trading Psychology and Emotions","https://proplogai.com/blogs/trading-psychology-prop-firm","Current","https://proplogai.com/blogs/tracking-trading-emotions","Editorial hypothesis","India / English","Primary","PropLogAI's primary audience is India.","","","","2026-09-24","Keep","","","","","","","","P2","2026-09-24","","Definition owner. India is the primary market; earlier US keyword and global GSC data are historical evidence only."
"proplogai-live-glossary-consistency-rule","Consistency Rule | PropLogAI Glossary","https://proplogai.com/glossary/consistency-rule","live","https://proplogai.com/glossary/consistency-rule","Prop Firm Rules","prop firm consistency rule","what is consistency rule in prop firm | consistency rule meaning | payout consistency rule","Definition","Definition","Prop Firm Rules and Readiness","https://proplogai.com/blogs/prop-firm-challenge-readiness","Interim","https://proplogai.com/blogs/prop-firm-consistency-calculator","GSC India + current search review","India / English","Primary","PropLogAI's primary audience is India.","20","5","0","2026-09-29","Refresh","India","40 consistency rule","0","1","0%","84.0","2026-07-06/2026-09-17","P1","2026-09-29","2026-09-24","Batch I1 definition owner: refreshed with current named Topstep program variation, a zoomable handwritten example, and safe separation between arithmetic and official payout status."
"proplogai-live-glossary-daily-drawdown-limit","Daily Drawdown Limit | PropLogAI Glossary","https://proplogai.com/glossary/daily-drawdown-limit","live","https://proplogai.com/glossary/daily-drawdown-limit","Risk Management","daily drawdown limit","daily loss limit prop firm | maximum daily loss | daily drawdown rule","Definition","Definition","Risk and Drawdown","https://proplogai.com/blogs/prop-firm-risk-management","Current","https://proplogai.com/blogs/daily-drawdown-calculator | https://proplogai.com/glossary/drawdown","Editorial hypothesis","India / English","Primary","PropLogAI's primary audience is India.","","","","2026-09-25","Keep and strengthen","","","","","","","","P1","2026-09-25","","Definition refreshed locally with official-floor explanation, current named-program variation, handwritten zoom note, and calculator path."
"proplogai-2026-10-01-drawdown","Drawdown | PropLogAI Glossary","https://proplogai.com/glossary/drawdown","live","https://proplogai.com/glossary/drawdown","Risk Management","drawdown in prop firm","what is drawdown in prop firm | what is drawdown in trading prop firm | trading drawdown | drawdown limit","Definition","Definition","Risk and Drawdown","https://proplogai.com/blogs/prop-firm-risk-management","Current","https://proplogai.com/blogs/daily-drawdown-calculator | https://proplogai.com/glossary/daily-drawdown-limit | https://proplogai.com/glossary/overall-drawdown-limit","GSC India","India / English","Primary","PropLogAI's primary audience is India.","","","","2026-09-25","Refresh","India","drawdown limit","0","1","0%","74.0","2026-07-06/2026-09-17","P1","2026-10-01","2026-09-24","Batch I2 keeps the indexed URL as the broad definition owner, adds a direct peak-to-later-value example and handwritten visual, and separates performance drawdown from daily and overall rule floors."
"proplogai-live-glossary-emotion-tracking","Emotion Tracking | PropLogAI Glossary","https://proplogai.com/glossary/emotion-tracking","live","https://proplogai.com/glossary/emotion-tracking","Journaling","trading emotion tracking","emotion journal trading | track trading emotions | emotion tags trading","Definition","Definition","Trading Journaling and Reviews","https://proplogai.com/blogs/prop-firm-trading-journal","Current","https://proplogai.com/blogs/tracking-trading-emotions | https://proplogai.com/blogs/how-emotions-affect-trading-decisions","Editorial hypothesis","India / English","Primary","PropLogAI's primary audience is India.","","","","2026-09-24","Keep","","","","","","","","P2","2026-09-25","","Definition refreshed locally with direct trader language and a complementary decision-effect guide link."
"proplogai-live-glossary-equity-curve","Equity Curve | PropLogAI Glossary","https://proplogai.com/glossary/equity-curve","live","https://proplogai.com/glossary/equity-curve","Performance Analytics","trading equity curve","equity curve meaning | trading performance curve | equity curve analysis","Definition","Definition","Trading Performance Metrics","https://proplogai.com/blogs/trading-performance-metrics","Planned","https://proplogai.com/glossary/drawdown | https://proplogai.com/glossary/performance-report","Editorial hypothesis","India / English","Primary","PropLogAI's primary audience is India.","","","","2026-09-24","Keep","","","","","","","","P2","2026-09-24","","Definition supports planned pillar. India is the primary market; earlier US keyword and global GSC data are historical evidence only."
"proplogai-live-glossary-expectancy","Expectancy | PropLogAI Glossary","https://proplogai.com/glossary/expectancy","live","https://proplogai.com/glossary/expectancy","Performance Analytics","trading expectancy","expectancy formula trading | trading expectancy meaning | calculate expectancy","Definition","Definition","Trading Performance Metrics","https://proplogai.com/blogs/trading-performance-metrics","Planned","https://proplogai.com/glossary/average-win-vs-average-loss | https://proplogai.com/glossary/win-rate","Current search review","India / English","Primary","PropLogAI's primary audience is India.","70","18","0","2026-09-24","Keep and expand","","","","","","","","P2","2026-09-24","","Definition supports calculator opportunity. India is the primary market; earlier US keyword and global GSC data are historical evidence only."
"proplogai-live-glossary-fomo","FOMO (Fear of Missing Out) | PropLogAI Glossary","https://proplogai.com/glossary/fomo","live","https://proplogai.com/glossary/fomo","Psychology","FOMO in trading","fear of missing out trading | trading FOMO meaning | FOMO trader psychology","Definition","Definition","Trading Psychology and Emotions","https://proplogai.com/blogs/trading-psychology-prop-firm","Current","https://proplogai.com/blogs/tracking-trading-emotions","Editorial hypothesis","India / English","Primary","PropLogAI's primary audience is India.","","","","2026-09-24","Keep","","","","","","","","P2","2026-09-24","","Definition owner. India is the primary market; earlier US keyword and global GSC data are historical evidence only."
"proplogai-live-glossary-funded-account","Funded Account | PropLogAI Glossary","https://proplogai.com/glossary/funded-account","live","https://proplogai.com/glossary/funded-account","Prop Firm Rules","funded trading account","funded account meaning | prop firm funded account | funded trader account","Definition","Definition","Prop Firm Rules and Readiness","https://proplogai.com/blogs/prop-firm-challenge-readiness","Interim","https://proplogai.com/blogs/prop-firm-expense-tracking-guide","Editorial hypothesis","India / English","Primary","PropLogAI's primary audience is India.","","","","2026-09-24","Keep","","","","","","","","P1","2026-09-24","","Variation-aware definition. India is the primary market; earlier US keyword and global GSC data are historical evidence only."
"proplogai-live-glossary-loss-aversion","Loss Aversion | PropLogAI Glossary","https://proplogai.com/glossary/loss-aversion","live","https://proplogai.com/glossary/loss-aversion","Psychology","loss aversion in trading","loss aversion meaning | loss aversion example | trader loss aversion","Definition","Definition","Trading Psychology and Emotions","https://proplogai.com/blogs/trading-psychology-prop-firm","Current","https://proplogai.com/blogs/tracking-trading-emotions","Editorial hypothesis","India / English","Primary","PropLogAI's primary audience is India.","","","","2026-09-24","Keep","","","","","","","","P1","2026-09-24","","Definition owner with evidence limits. India is the primary market; earlier US keyword and global GSC data are historical evidence only."
"proplogai-live-glossary-overall-drawdown-limit","Overall Drawdown Limit | PropLogAI Glossary","https://proplogai.com/glossary/overall-drawdown-limit","live","https://proplogai.com/glossary/overall-drawdown-limit","Prop Firm Rules","overall drawdown limit","maximum loss prop firm | total drawdown limit | prop firm loss limit","Definition","Definition","Prop Firm Rules and Readiness","https://proplogai.com/blogs/prop-firm-challenge-readiness","Interim","https://proplogai.com/glossary/drawdown | https://proplogai.com/blogs/prop-firm-risk-management","Editorial hypothesis","India / English","Primary","PropLogAI's primary audience is India.","","","","2026-09-25","Keep and strengthen","","","","","","","","P1","2026-09-25","","Definition refreshed locally. Static, trailing, and end-of-day trailing methods remain separate and named-program examples were rechecked."
"proplogai-live-glossary-overconfidence","Overconfidence | PropLogAI Glossary","https://proplogai.com/glossary/overconfidence","live","https://proplogai.com/glossary/overconfidence","Psychology","overconfidence in trading","overconfidence bias trading | trader overconfidence | overconfidence meaning","Definition","Definition","Trading Psychology and Emotions","https://proplogai.com/blogs/trading-psychology-prop-firm","Current","https://proplogai.com/blogs/tracking-trading-emotions","Editorial hypothesis","India / English","Primary","PropLogAI's primary audience is India.","","","","2026-09-24","Keep","","","","","","","","P2","2026-09-24","","Definition owner. India is the primary market; earlier US keyword and global GSC data are historical evidence only."
"proplogai-live-glossary-overtrading","Overtrading | PropLogAI Glossary","https://proplogai.com/glossary/overtrading","live","https://proplogai.com/glossary/overtrading","Discipline","overtrading","what is overtrading | meaning of overtrading | overtrading meaning | over trading","Definition","Definition","Trading Discipline and Rulebooks","https://proplogai.com/blogs/trading-discipline-prop-firm","Current","https://proplogai.com/blogs/overtrading-prop-firm-challenges | https://proplogai.com/glossary/trade-review | https://proplogai.com/glossary/revenge-trading | https://proplogai.com/glossary/fomo | https://proplogai.com/glossary/trading-journal","GSC India","India / English","Primary","PropLogAI's primary audience is India.","","","","2026-09-25","Refresh","India","overtrading","0","20","0%","90.2","2026-07-06/2026-09-22","P1","2026-09-25","2026-09-25","Canonical definition owner. The page received 20 India impressions; visible India query variants included overtrading, what is overtrading, meaning of overtrading, overtrading meaning, and over trading. Batch H2 refresh is in Human Review; no production change yet."
"proplogai-live-glossary-pattern-recognition","Pattern Recognition | PropLogAI Glossary","https://proplogai.com/glossary/pattern-recognition","live","https://proplogai.com/glossary/pattern-recognition","AI Coaching","trading pattern recognition","journal pattern recognition | trading behaviour patterns | AI journal patterns","Definition","Definition","AI Coaching and Journal Analytics","https://proplogai.com/blogs/ai-trading-coach-prop-firm","Current","https://proplogai.com/blogs/ai-journal-pattern-detection","Editorial hypothesis","India / English","Primary","PropLogAI's primary audience is India.","","","","2026-09-24","Keep","","","","","","","","P2","2026-09-24","","Journal-data pattern definition. India is the primary market; earlier US keyword and global GSC data are historical evidence only."
"proplogai-live-glossary-performance-report","Performance Report | PropLogAI Glossary","https://proplogai.com/glossary/performance-report","live","https://proplogai.com/glossary/performance-report","Performance Analytics","trading performance report","trading report meaning | journal performance report | trading metrics report","Definition","Definition","Trading Performance Metrics","https://proplogai.com/blogs/trading-performance-metrics","Planned","https://proplogai.com/blogs/prop-firm-pnl-calendar | https://proplogai.com/blogs/ai-journal-pattern-detection","Editorial hypothesis","India / English","Primary","PropLogAI's primary audience is India.","","","","2026-09-24","Keep","","","","","","","","P2","2026-09-24","","Definition supports planned performance pillar. India is the primary market; earlier US keyword and global GSC data are historical evidence only."
"proplogai-live-glossary-position-sizing","Position Sizing | PropLogAI Glossary","https://proplogai.com/glossary/position-sizing","live","https://proplogai.com/glossary/position-sizing","Risk Management","position sizing","what is position sizing in trading | position sizing formula | trade position sizing","Definition","Definition","Risk and Drawdown","https://proplogai.com/blogs/prop-firm-risk-management","Current","https://proplogai.com/glossary/risk-per-trade","Current search review","India / English","Primary","PropLogAI's primary audience is India.","590","45","0","2026-09-24","Keep and expand","","","","","","","","P2","2026-09-24","","Definition owner and future calculator support. India is the primary market; earlier US keyword and global GSC data are historical evidence only."
"proplogai-live-glossary-pre-market-routine","Pre-Market Routine | PropLogAI Glossary","https://proplogai.com/glossary/pre-market-routine","live","https://proplogai.com/glossary/pre-market-routine","Discipline","pre market routine","pre trading routine | trading preparation checklist | trader morning routine","Definition","Definition","Trading Discipline and Rulebooks","https://proplogai.com/blogs/trading-discipline-prop-firm","Current","https://proplogai.com/blogs/prop-firm-trading-rulebook","Editorial hypothesis","India / English","Primary","PropLogAI's primary audience is India.","","","","2026-09-24","Keep","","","","","","","","P2","2026-09-24","","Definition owner. India is the primary market; earlier US keyword and global GSC data are historical evidence only."
"proplogai-live-glossary-profit-factor","Profit Factor | PropLogAI Glossary","https://proplogai.com/glossary/profit-factor","live","https://proplogai.com/glossary/profit-factor","Performance Analytics","profit factor","what is profit factor in trading | trading profit factor | profit factor calculation","Definition","Definition","Trading Performance Metrics","https://proplogai.com/blogs/trading-performance-metrics","Planned","https://proplogai.com/glossary/expectancy | https://proplogai.com/glossary/win-rate","Current search review","India / English","Primary","PropLogAI's primary audience is India.","170","18","0","2026-09-24","Keep and expand","","","","","","","","P1","2026-09-24","","Strong definition opportunity. India is the primary market; earlier US keyword and global GSC data are historical evidence only."
"proplogai-live-glossary-profit-target","Profit Target | PropLogAI Glossary","https://proplogai.com/glossary/profit-target","live","https://proplogai.com/glossary/profit-target","Prop Firm Rules","prop firm profit target","profit target meaning | challenge profit target | funded account profit target","Definition","Definition","Prop Firm Rules and Readiness","https://proplogai.com/blogs/prop-firm-challenge-readiness","Interim","https://proplogai.com/glossary/prop-firm-challenge","Editorial hypothesis","India / English","Primary","PropLogAI's primary audience is India.","","","","2026-09-24","Keep","","","","","","","","P1","2026-09-24","","Variation-aware definition. India is the primary market; earlier US keyword and global GSC data are historical evidence only."
"proplogai-live-glossary-prop-firm-challenge","Prop Firm Challenge | PropLogAI Glossary","https://proplogai.com/glossary/prop-firm-challenge","live","https://proplogai.com/glossary/prop-firm-challenge","Prop Firm Rules","prop firm challenge","prop firm evaluation | trading challenge | funded trader challenge","Definition","Definition","Prop Firm Rules and Readiness","https://proplogai.com/blogs/prop-firm-challenge-readiness","Interim","https://proplogai.com/blogs/forex-trading-for-beginners","Editorial hypothesis","India / English","Primary","PropLogAI's primary audience is India.","","","","2026-09-24","Keep","","","","","","","","P1","2026-09-24","","Variation-aware definition. India is the primary market; earlier US keyword and global GSC data are historical evidence only."
"proplogai-live-glossary-revenge-trading","Revenge Trading | PropLogAI Glossary","https://proplogai.com/glossary/revenge-trading","live","https://proplogai.com/glossary/revenge-trading","Psychology","revenge trading","revenge trading meaning | revenge trading psychology | revenge trade","Definition","Definition","Trading Psychology and Emotions","https://proplogai.com/blogs/trading-psychology-prop-firm","Current","https://proplogai.com/blogs/revenge-trading-prop-firm | https://proplogai.com/glossary/tilt | https://proplogai.com/glossary/overtrading","Editorial hypothesis","India / English","Primary","PropLogAI's primary audience is India.","","","","2026-09-24","Keep","","","","","","","","P2","2026-10-04","","Definition owner. I8 local revision adds a simple XAUUSD example, ordered decision checks, a zoomable handwritten visual, and safe product limits; production remains unchanged."
"proplogai-live-glossary-risk-per-trade","Risk Per Trade | PropLogAI Glossary","https://proplogai.com/glossary/risk-per-trade","live","https://proplogai.com/glossary/risk-per-trade","Risk Management","risk per trade","risk per trade meaning | risk percentage per trade | trade risk calculation","Definition","Definition","Risk and Drawdown","https://proplogai.com/blogs/prop-firm-risk-management","Current","https://proplogai.com/glossary/position-sizing","Editorial hypothesis","India / English","Primary","PropLogAI's primary audience is India.","","","","2026-09-24","Keep","","","","","","","","P1","2026-09-24","","Definition owner without personalised sizing advice. India is the primary market; earlier US keyword and global GSC data are historical evidence only."
"proplogai-live-glossary-risk-reward-ratio","Risk-Reward Ratio | PropLogAI Glossary","https://proplogai.com/glossary/risk-reward-ratio","live","https://proplogai.com/glossary/risk-reward-ratio","Risk Management","risk reward ratio","risk reward ratio meaning | risk reward formula | risk to reward trading","Definition","Definition","Risk and Drawdown","https://proplogai.com/blogs/prop-firm-risk-management","Current","https://proplogai.com/glossary/risk-per-trade","Editorial hypothesis","India / English","Primary","PropLogAI's primary audience is India.","","","","2026-09-24","Keep","","","","","","","","P2","2026-09-24","","Definition owner. India is the primary market; earlier US keyword and global GSC data are historical evidence only."
"proplogai-live-glossary-rule-based-trading","Rule-Based Trading | PropLogAI Glossary","https://proplogai.com/glossary/rule-based-trading","live","https://proplogai.com/glossary/rule-based-trading","Discipline","rule based trading","rules based trading system | systematic trading rules | trading rule adherence","Definition","Definition","Trading Discipline and Rulebooks","https://proplogai.com/blogs/trading-discipline-prop-firm","Current","https://proplogai.com/blogs/prop-firm-trading-rulebook","Editorial hypothesis","India / English","Primary","PropLogAI's primary audience is India.","","","","2026-09-24","Keep","","","","","","","","P2","2026-09-24","","Definition owner. India is the primary market; earlier US keyword and global GSC data are historical evidence only."
"proplogai-live-glossary-setup-compliance","Setup Compliance | PropLogAI Glossary","https://proplogai.com/glossary/setup-compliance","live","https://proplogai.com/glossary/setup-compliance","Discipline","setup compliance","trading setup compliance | rule adherence trading | setup checklist compliance","Definition","Definition","Trading Discipline and Rulebooks","https://proplogai.com/blogs/trading-discipline-prop-firm","Current","https://proplogai.com/blogs/overtrading-prop-firm-challenges | https://proplogai.com/blogs/trading-journal-fields","Editorial hypothesis","India / English","Primary","PropLogAI's primary audience is India.","","","","2026-09-24","Keep","","","","","","","","P2","2026-09-24","","PropLogAI-specific review concept. India is the primary market; earlier US keyword and global GSC data are historical evidence only."
"proplogai-live-glossary-sharpe-ratio","Sharpe Ratio | PropLogAI Glossary","https://proplogai.com/glossary/sharpe-ratio","live","https://proplogai.com/glossary/sharpe-ratio","Performance Analytics","Sharpe ratio in trading","Sharpe ratio meaning | risk adjusted return | Sharpe ratio formula","Definition","Definition","Trading Performance Metrics","https://proplogai.com/blogs/trading-performance-metrics","Planned","https://proplogai.com/glossary/equity-curve","Editorial hypothesis","India / English","Primary","PropLogAI's primary audience is India.","","","","2026-09-24","Keep","","","","","","","","P2","2026-09-24","","Explain limits for individual trade review. India is the primary market; earlier US keyword and global GSC data are historical evidence only."
"proplogai-live-glossary-stop-loss","Stop Loss | PropLogAI Glossary","https://proplogai.com/glossary/stop-loss","live","https://proplogai.com/glossary/stop-loss","Risk Management","stop loss","stop loss meaning | stop loss order | trading stop loss","Definition","Definition","Risk and Drawdown","https://proplogai.com/blogs/prop-firm-risk-management","Current","https://proplogai.com/glossary/risk-per-trade","Editorial hypothesis","India / English","Primary","PropLogAI's primary audience is India.","","","","2026-09-24","Keep","","","","","","","","P2","2026-09-24","","Educational definition only. India is the primary market; earlier US keyword and global GSC data are historical evidence only."
"proplogai-live-glossary-tilt","Tilt | PropLogAI Glossary","https://proplogai.com/glossary/tilt","live","https://proplogai.com/glossary/tilt","Psychology","tilt in trading","trading tilt meaning | emotional tilt trading | trader tilt","Definition","Definition","Trading Psychology and Emotions","https://proplogai.com/blogs/trading-psychology-prop-firm","Current","https://proplogai.com/blogs/revenge-trading-prop-firm","Editorial hypothesis","India / English","Primary","PropLogAI's primary audience is India.","","","","2026-09-24","Keep","","","","","","","","P2","2026-10-04","","Definition owner. I8 adds a local practical-guide link to the revenge-trading workflow; broader tilt copy remains a separate future refresh opportunity."
"proplogai-live-glossary-trade-management","Trade Management | PropLogAI Glossary","https://proplogai.com/glossary/trade-management","live","https://proplogai.com/glossary/trade-management","Discipline","trade management","trade management meaning | managing an open trade | trading process management","Definition","Definition","Trading Discipline and Rulebooks","https://proplogai.com/blogs/trading-discipline-prop-firm","Current","https://proplogai.com/glossary/trading-plan","Editorial hypothesis","India / English","Primary","PropLogAI's primary audience is India.","","","","2026-09-24","Keep","","","","","","","","P2","2026-09-24","","Keep educational and signal-free. India is the primary market; earlier US keyword and global GSC data are historical evidence only."
"proplogai-live-glossary-trade-review","Trade Review | PropLogAI Glossary","https://proplogai.com/glossary/trade-review","live","https://proplogai.com/glossary/trade-review","Journaling","trade review","post trade review | trading review process | review a trade","Definition","Definition","Trading Journaling and Reviews","https://proplogai.com/blogs/prop-firm-trading-journal","Current","https://proplogai.com/blogs/weekly-trading-review-template | https://proplogai.com/blogs/monthly-trading-review-template","Editorial hypothesis","India / English","Primary","PropLogAI's primary audience is India.","","","","2026-09-24","Keep","","","","","","","","P2","2026-09-24","","Definition owner. India is the primary market; earlier US keyword and global GSC data are historical evidence only."
"proplogai-live-glossary-trading-journal","Trading Journal | PropLogAI Glossary","https://proplogai.com/glossary/trading-journal","live","https://proplogai.com/glossary/trading-journal","Journaling","trading journal","what is a trading journal | trade journal meaning | trading journal definition","Definition","Definition","Trading Journaling and Reviews","https://proplogai.com/blogs/prop-firm-trading-journal","Current","https://proplogai.com/blogs/trading-journal-fields","Current search review","India / English","Primary","PropLogAI's primary audience is India.","8100","37","0.03","2026-09-24","Keep and strengthen","","","","","","","","P1","2026-09-24","","Broad definition demand with pillar differentiation. India is the primary market; earlier US keyword and global GSC data are historical evidence only."
"proplogai-live-glossary-trading-plan","Trading Plan | PropLogAI Glossary","https://proplogai.com/glossary/trading-plan","live","https://proplogai.com/glossary/trading-plan","Discipline","trading plan","trading plan meaning | written trading plan | trading plan rules","Definition","Definition","Trading Discipline and Rulebooks","https://proplogai.com/blogs/trading-discipline-prop-firm","Current","https://proplogai.com/blogs/prop-firm-trading-rulebook","Editorial hypothesis","India / English","Primary","PropLogAI's primary audience is India.","","","","2026-09-24","Keep","","","","","","","","P2","2026-09-24","","Definition owner. India is the primary market; earlier US keyword and global GSC data are historical evidence only."
"proplogai-live-glossary-win-rate","Win Rate | PropLogAI Glossary","https://proplogai.com/glossary/win-rate","live","https://proplogai.com/glossary/win-rate","Performance Analytics","trading win rate","win rate formula | trading win percentage | calculate win rate","Definition","Definition","Trading Performance Metrics","https://proplogai.com/blogs/trading-performance-metrics","Planned","https://proplogai.com/glossary/profit-factor | https://proplogai.com/glossary/expectancy","Editorial hypothesis","India / English","Primary","PropLogAI's primary audience is India.","","","","2026-09-24","Keep","","","","","","","","P1","2026-09-24","","Definition supports planned performance pillar. India is the primary market; earlier US keyword and global GSC data are historical evidence only."
"proplogai-2026-10-02-prop-firm-rules-guide","Prop Firm Rules: What to Check Before You Buy a Challenge","https://proplogai.com/blogs/prop-firm-rules-guide","Approved to Publish","https://proplogai.com/blogs/prop-firm-rules-guide","Prop Firm Rules","prop firm rules","prop firm challenge rules | funded account rules | how to read prop firm rules | prop firm | forex prop firms","Commercial informational","Pillar","Prop Firm Rules and Readiness","https://proplogai.com/blogs/prop-firm-rules-guide","Planned","https://proplogai.com/blogs/prop-firm-challenge-readiness | https://proplogai.com/blogs/prop-firm-trading-rulebook","GSC India + current search review","India / English","Primary","PropLogAI's primary audience is India; amounts remain in USD.","","","","2026-10-02","Create","India","Queries containing prop firm","0","70","0","73","2026-07-06 to 2026-09-29","P1","2026-10-02","2026-10-02","Exact prop firm rules query had 0 impressions; article is a useful rules pillar supported by broader demand and existing cluster intent."
"proplogai-2026-10-02-prop-firm-payout-rules","Prop Firm Payout Rules: What to Check Before Requesting a Payout","https://proplogai.com/blogs/prop-firm-payout-rules","Approved to Publish","https://proplogai.com/blogs/prop-firm-payout-rules","Costs and Payouts","prop firm payout","prop firm payout rules | funded account payout | payout eligibility | prop firm withdrawal | prop firm profit split","Commercial informational","Cluster Guide","Prop Firm Costs, Payouts, and ROI","https://proplogai.com/blogs/prop-firm-expense-tracking-guide","Current","https://proplogai.com/blogs/prop-firm-rules-guide | https://proplogai.com/blogs/prop-firm-consistency-calculator | https://proplogai.com/glossary/funded-account","Current search review","India / English","Primary","PropLogAI's primary audience is India; forex and prop-firm amounts remain in USD.","170","16","1.12","2026-10-02","Create","India","Queries containing payout","0","0","0","","2026-07-06 to 2026-09-29","P2","2026-10-02","2026-10-02","Local I5 revision 1. Current Semrush exact phrases show n/a India volume; 170 is an earlier Ubersuggest India estimate. No traffic guarantee."
"proplogai-2026-10-02-trading-performance-metrics","Trading Performance Metrics: How to Read Your Numbers Together","https://proplogai.com/blogs/trading-performance-metrics","Approved to Publish","https://proplogai.com/blogs/trading-performance-metrics","Performance Analytics","trading performance metrics","trading performance analysis | how to measure trading performance | trading journal metrics | performance report metrics | win rate and profit factor | trading expectancy","Informational","Pillar","Trading Performance Metrics","https://proplogai.com/blogs/trading-performance-metrics","Planned","https://proplogai.com/glossary/win-rate | https://proplogai.com/glossary/profit-factor | https://proplogai.com/glossary/expectancy | https://proplogai.com/glossary/drawdown | https://proplogai.com/glossary/equity-curve | https://proplogai.com/glossary/performance-report","GSC India + current search review","India / English","Primary","PropLogAI's primary audience is India. Semrush India measured the exact primary phrase at volume 20; broader analysis wording measured 30. Forex and prop-firm amounts stay in USD.","20","","0","2026-10-03","Create","India","","0","0","0%","","2026-07-06/2026-09-29","P2","2026-10-03","2026-10-03","Batch I6 revision 1 was approved by Vicky on 2026-10-03. Semrush Server 1 later restored India access: primary volume 20, KD n/a, CPC $0; trading performance analysis volume 30; profit factor volume 140 and KD 11 remains glossary-owned. Approved title, URL, and revision hash were retained. Production remains unchanged."
"proplogai-2026-10-03-trading-expectancy-calculator","Trading Expectancy Calculator: Check Your Average Result per Trade","https://proplogai.com/blogs/trading-expectancy-calculator","Approved to Publish","https://proplogai.com/blogs/trading-expectancy-calculator","Performance Analytics","trading expectancy calculator","trading expectancy | trading expectancy formula | expectancy formula in trading | trade expectancy formula | calculate trading expectancy | average win average loss","Informational utility","Utility Guide","Trading Performance Metrics","https://proplogai.com/blogs/trading-performance-metrics","Planned","https://proplogai.com/glossary/expectancy | https://proplogai.com/glossary/average-win-vs-average-loss | https://proplogai.com/glossary/win-rate | https://proplogai.com/glossary/profit-factor","Current search review","India / English","Primary","PropLogAI's primary audience is India. Forex and prop-firm amounts remain in USD.","20","","0","2026-10-03","Create","India","","0","0","0%","","2026-07-06/2026-09-29","P2","2026-10-03","2026-10-03","Batch I7 revision 1 was approved by Vicky on 2026-10-03. Semrush India exact phrase volume 20, global volume 260, KD n/a, intent n/a, CPC $0. GSC regex returned 0 clicks and 0 impressions. Production remains unchanged."
"proplogai-2026-10-04-trading-discipline-checklist","Trading Discipline Checklist for Prop Firm Traders","https://proplogai.com/blogs/trading-discipline-checklist","Approved to Publish","https://proplogai.com/blogs/trading-discipline-checklist","Trading Discipline","trading discipline checklist","pre-trade checklist | prop firm trading checklist | trading rules checklist | rule adherence checklist","Informational checklist","Checklist utility","Trading Discipline and Rulebooks","https://proplogai.com/blogs/trading-discipline-prop-firm","Current","https://proplogai.com/glossary/trading-plan | https://proplogai.com/glossary/setup-compliance | https://proplogai.com/glossary/rule-based-trading","Current search review","India / English","Primary","PropLogAI's primary audience is India. Semrush India volume was unavailable for the checked phrases; forex and prop-firm amounts remain in USD.","","27","","2026-10-04","Create","","","","","","","","P3","2026-10-04","2026-10-04","Batch I9 revision 1 was approved by Vicky on 2026-10-04. Semrush India exact KD 27 with volume and CPC n/a; the prop-firm variant had KD 18. Property-wide GSC returned 0 clicks and 0 impressions and is not India-demand evidence. Approved files remain local; production is unchanged."
