research_id,status,claim,approved_paraphrase,source_url,publisher,publication_date,checked_on,review_by,scope_and_limitation
RES-001,Approved,Loss aversion,"Prospect theory describes losses as having a stronger effect on value judgments than equivalent gains in many decision contexts.",https://web.mit.edu/curhan/www/docs/Articles/15341_Readings/Behavioral_Decision_Theory/Kahneman_Tversky_1979_Prospect_theory.pdf,Econometrica,1979,2026-09-19,2027-09-19,"Use as a general behavioral-economics concept; do not diagnose an individual trader or state a universal multiplier."
RES-002,Needs Fact Check,Loss-aversion multiplier,"No fixed two-times multiplier is approved for PropLogAI content.",https://www.jstor.org/stable/2937956,Quarterly Journal of Economics,1991,2026-09-19,2026-10-19,"The familiar roughly twice statement is context-dependent; obtain and review the primary paper before using a number."
RES-003,Approved,Cortisol and risk preference,"A small controlled study found that sustained cortisol elevation increased risk aversion among its participants.",https://pmc.ncbi.nlm.nih.gov/articles/PMC3948282/,Proceedings of the National Academy of Sciences,2014,2026-09-19,2027-09-19,"Laboratory evidence with a small sample; it does not establish that stress makes every trader take more risk."
RES-004,Needs Fact Check,Risk per trade range,"No universal 0.5-2% risk-per-trade range is approved.",,,Unknown,2026-09-19,2026-09-19,"Firm rules, account design, strategy, and personal circumstances differ; avoid prescriptive percentages."
RES-005,Needs Fact Check,Win-rate ranges,"No style-specific win-rate range is approved.",,,Unknown,2026-09-19,2026-09-19,"Requires a defined dataset, market, timeframe, strategy rules, costs, and sample size."
RES-006,Needs Fact Check,Profit-factor benchmark,"No universal claim that a profit factor above 1.5 is strong is approved.",,,Unknown,2026-09-19,2026-09-19,"Can be used only as a labelled example or with an explicit benchmark source and context."
RES-007,Prohibited,Challenge pass or failure rate,"No generic prop-challenge pass or failure percentage is approved.",,,Unknown,2026-09-19,2026-09-19,"Requires current first-party data or a transparent multi-firm dataset with methodology."
RES-008,Needs Fact Check,Typical challenge fees,"No generic typical prop-firm challenge cost is approved.",,,Unknown,2026-09-19,2026-09-19,"Prices change by firm, program, account size, promotion, and region."
RES-009,Approved,Emotions and trading decisions,"Emotions are a normal part of trading and may influence how a trader makes a decision.",https://zerodha.com/varsity/chapter/controlling-your-trading-emotions/,Zerodha Varsity,Unknown,2026-09-25,2026-12-25,"Use only as general educational context. Do not claim that a named emotion caused a specific result or prescribe a universal control method."
RES-010,Approved,Emotions and decision-making,"Feelings such as fear and greed may influence trading decisions; the effect should not be treated as identical for every trader.",https://www.oanda.com/us-en/skills-and-insights/education/trading-psychology/emotions-in-trading/trading-psychology-understanding-your-emotions/,OANDA,Unknown,2026-09-25,2026-12-25,"Educational broker material. Use for the limited may-influence-decisions claim only; do not infer performance or causation."
RES-011,Approved,Trading checklist,"A written checklist can be used to compare a considered trade with predefined conditions before the decision is made.",https://zerodha.com/varsity/chapter/your-trading-checklist/,Zerodha Varsity,Unknown,2026-10-04,2027-01-04,"Use only for the process value of checking predefined conditions. Do not claim that a checklist guarantees discipline, profitability, safety, or a valid market decision."
